query_type	relation	query	correct output	system output	ssg output	Exact Match	Soft Match
min/max	P54	What is the smallest team?	['Evagoras Paphos', 'Czech Republic', 'Albania', 'Ayia Napa', 'Hungary']	None	[[]]	0	0
bool	P54	Is UEFA Euro 2016 part of Omonia Aradippou?	['FALSE']	[[1], [2], [7]]	[[[1, 'UEFA Euro 2016 team Czech Republic']], [[2, 'UEFA Euro 2016 team Italy']], [[3, 'UEFA Euro 2016 team Albania']], [[5, 'UEFA Euro 2016 team Switzerland']], [[6, 'UEFA Euro 2016 team Hungary']], [[7, 'UEFA Euro 2016 team Northern Ireland']], [[9, 'UEFA Euro 2016 team Ukraine']]]	1	1
count	P54	How many teams has UEFA Euro 2016 played for?	[6]	[[1], [3], [5], [6], [7], [9]]	[[[1, 'UEFA Euro 2016 team Czech Republic']], [[2, 'UEFA Euro 2016 team Italy']], [[3, 'UEFA Euro 2016 team Albania']], [[5, 'UEFA Euro 2016 team Switzerland']], [[6, 'UEFA Euro 2016 team Hungary']], [[7, 'UEFA Euro 2016 team Northern Ireland']], [[9, 'UEFA Euro 2016 team Ukraine']], [[2, 'UEFA Euro 2016 team Italy'], [3, 'UEFA Euro 2016 team Albania']], [[2, 'UEFA Euro 2016 team Italy'], [5, 'UEFA Euro 2016 team Switzerland']], [[2, 'UEFA Euro 2016 team Italy'], [6, 'UEFA Euro 2016 team Hungary']], [[2, 'UEFA Euro 2016 team Italy'], [9, 'UEFA Euro 2016 team Ukraine']], [[3, 'UEFA Euro 2016 team Albania'], [6, 'UEFA Euro 2016 team Hungary']], [[3, 'UEFA Euro 2016 team Albania'], [9, 'UEFA Euro 2016 team Ukraine']], [[5, 'UEFA Euro 2016 team Switzerland'], [1, 'UEFA Euro 2016 team Czech Republic']], [[5, 'UEFA Euro 2016 team Switzerland'], [3, 'UEFA Euro 2016 team Albania']], [[5, 'UEFA Euro 2016 team Switzerland'], [6, 'UEFA Euro 2016 team Hungary']], [[5, 'UEFA Euro 2016 team Switzerland'], [9, 'UEFA Euro 2016 team Ukraine']], [[6, 'UEFA Euro 2016 team Hungary'], [9, 'UEFA Euro 2016 team Ukraine']], [[7, 'UEFA Euro 2016 team Northern Ireland'], [2, 'UEFA Euro 2016 team Italy']], [[7, 'UEFA Euro 2016 team Northern Ireland'], [9, 'UEFA Euro 2016 team Ukraine']]]	1	1
set	P54	Who plays for Switzerland?	['UEFA Euro 2016']	[[5]]	[[[1, 'UEFA Euro 2016 team Czech Republic']], [[2, 'UEFA Euro 2016 team Italy']], [[5, 'UEFA Euro 2016 team Switzerland']], [[7, 'UEFA Euro 2016 team Northern Ireland']], [[2, 'UEFA Euro 2016 team Italy'], [1, 'UEFA Euro 2016 team Czech Republic']], [[2, 'UEFA Euro 2016 team Italy'], [3, 'UEFA Euro 2016 team Albania']], [[2, 'UEFA Euro 2016 team Italy'], [5, 'UEFA Euro 2016 team Switzerland']], [[2, 'UEFA Euro 2016 team Italy'], [6, 'UEFA Euro 2016 team Hungary']], [[2, 'UEFA Euro 2016 team Italy'], [7, 'UEFA Euro 2016 team Northern Ireland']], [[5, 'UEFA Euro 2016 team Switzerland'], [1, 'UEFA Euro 2016 team Czech Republic']], [[5, 'UEFA Euro 2016 team Switzerland'], [3, 'UEFA Euro 2016 team Albania']], [[5, 'UEFA Euro 2016 team Switzerland'], [6, 'UEFA Euro 2016 team Hungary']], [[7, 'UEFA Euro 2016 team Northern Ireland'], [5, 'UEFA Euro 2016 team Switzerland']], [[7, 'UEFA Euro 2016 team Northern Ireland'], [6, 'UEFA Euro 2016 team Hungary']]]	1	1
count	P54	How many teams has 2013 FIA World Endurance Championship played for?	[3]	[[1], [2], [4]]	[[[1, '2013 FIA World Endurance Championship team Lotus']], [[2, '2013 FIA World Endurance Championship team G-Drive Racing']], [[4, '2013 FIA World Endurance Championship team AF Corse']], [[5, '2013 FIA World Endurance Championship team Audi Sport Team Joest']]]	1	1
set	P54	Who is a member of G-Drive Racing?	[]	None	[[]]	0	0
count	P54	How many people play for OAK Racing?	[1]	None	[[]]	0	0
bool	P54	Is 2013 FIA World Endurance Championship a member of FC Metalurh Donetsk?	['FALSE']	[[1], [2], [5]]	[[], [[1, '2013 FIA World Endurance Championship team Lotus']], [[2, '2013 FIA World Endurance Championship team G-Drive Racing']], [[4, '2013 FIA World Endurance Championship team AF Corse']], [[5, '2013 FIA World Endurance Championship team Audi Sport Team Joest']], [[6, '2013 FIA World Endurance Championship team Aston Martin Racing']]]	1	1
bool	P54	Is 2013 FIA World Endurance Championship part of Cofidis?	['FALSE']	[[4], [6], [7]]	[[[1, '2013 FIA World Endurance Championship team Lotus']], [[2, '2013 FIA World Endurance Championship team G-Drive Racing']], [[4, '2013 FIA World Endurance Championship team AF Corse']], [[5, '2013 FIA World Endurance Championship team Audi Sport Team Joest']], [[6, '2013 FIA World Endurance Championship team Aston Martin Racing']], [[7, '2013 FIA World Endurance Championship team Greaves Motorsport']], [[8, '2013 FIA World Endurance Championship team OAK Racing']], [[9, '2014 Tour of Turkey team Cofidis']], [[9, '2014 Tour of Turkey team Cofidis'], [2, '2013 FIA World Endurance Championship team G-Drive Racing']]]	1	1
bool	P54	Does National Hockey League play for Detroit Red Wings?	['TRUE']	[[4]]	[[[0, 'National Hockey League team Edmonton Oilers']], [[1, 'National Hockey League team Montreal Canadiens']], [[2, 'National Hockey League team New York Rangers']], [[4, 'National Hockey League team Detroit Red Wings']]]	1	1
bool	P54	Is 2013 FIA World Endurance Championship part of Wales?	['FALSE']	None	[[[0, '2013 FIA World Endurance Championship team Larbre Compétition']], [[1, '2013 FIA World Endurance Championship team Porsche AG Team Manthey Racing']], [[2, '2013 FIA World Endurance Championship team Larbre Compétition']]]	0	0
set	P54	1997 World Artistic Gymnastics Championships is a member of which teams?	[]	None	[[]]	0	0
bool	P118	Does Pali Blues participate in 1st?	['FALSE']	[[4]]	[[[4, 'Pali Blues league W-League']]]	1	1
min/max	P118	Who has participated in the least number of leagues?	['FK Sarajevo', 'Paysandu Sport Club', 'Pali Blues']	None	[[]]	0	0
min/max	P54	Who has played for the fewest teams?	['2013 FIA World Endurance Championship']	None	[[]]	0	0
set	P54	List teams 2013 FIA World Endurance Championship plays for	['OAK Racing', 'Aston Martin Racing']	[[0, 5], [1, 4]]	[[[0, '2013 FIA World Endurance Championship team OAK Racing'], [1, '2013 FIA World Endurance Championship team Aston Martin Racing']], [[0, '2013 FIA World Endurance Championship team OAK Racing'], [2, '2013 FIA World Endurance Championship team G-Drive Racing']], [[0, '2013 FIA World Endurance Championship team OAK Racing'], [3, '2013 FIA World Endurance Championship team Lotus']], [[0, '2013 FIA World Endurance Championship team OAK Racing'], [4, '2013 FIA World Endurance Championship team Aston Martin Racing']], [[0, '2013 FIA World Endurance Championship team OAK Racing'], [5, '2013 FIA World Endurance Championship team OAK Racing']], [[0, '2013 FIA World Endurance Championship team OAK Racing'], [6, '2013 FIA World Endurance Championship team 8 Star Motorsports']], [[1, '2013 FIA World Endurance Championship team Aston Martin Racing'], [2, '2013 FIA World Endurance Championship team G-Drive Racing']], [[1, '2013 FIA World Endurance Championship team Aston Martin Racing'], [3, '2013 FIA World Endurance Championship team Lotus']], [[1, '2013 FIA World Endurance Championship team Aston Martin Racing'], [4, '2013 FIA World Endurance Championship team Aston Martin Racing']], [[1, '2013 FIA World Endurance Championship team Aston Martin Racing'], [5, '2013 FIA World Endurance Championship team OAK Racing']], [[1, '2013 FIA World Endurance Championship team Aston Martin Racing'], [6, '2013 FIA World Endurance Championship team 8 Star Motorsports']], [[2, '2013 FIA World Endurance Championship team G-Drive Racing'], [3, '2013 FIA World Endurance Championship team Lotus']], [[2, '2013 FIA World Endurance Championship team G-Drive Racing'], [4, '2013 FIA World Endurance Championship team Aston Martin Racing']], [[2, '2013 FIA World Endurance Championship team G-Drive Racing'], [5, '2013 FIA World Endurance Championship team OAK Racing']], [[2, '2013 FIA World Endurance Championship team G-Drive Racing'], [6, '2013 FIA World Endurance Championship team 8 Star Motorsports']], [[3, '2013 FIA World Endurance Championship team Lotus'], [4, '2013 FIA World Endurance Championship team Aston Martin Racing']], [[3, '2013 FIA World Endurance Championship team Lotus'], [5, '2013 FIA World Endurance Championship team OAK Racing']], [[3, '2013 FIA World Endurance Championship team Lotus'], [6, '2013 FIA World Endurance Championship team 8 Star Motorsports']], [[4, '2013 FIA World Endurance Championship team Aston Martin Racing'], [5, '2013 FIA World Endurance Championship team OAK Racing']], [[4, '2013 FIA World Endurance Championship team Aston Martin Racing'], [6, '2013 FIA World Endurance Championship team 8 Star Motorsports']], [[5, '2013 FIA World Endurance Championship team OAK Racing'], [6, '2013 FIA World Endurance Championship team 8 Star Motorsports']]]	1	1
min/max	P54	Who has played for the highest number of teams?	['UEFA Euro 2016']	[[2], [4], [6], [8]]	[[[0, 'UEFA Euro 2016 team Croatia']], [[2, 'UEFA Euro 2016 team Portugal']], [[4, 'UEFA Euro 2016 team Poland']], [[5, 'UEFA Euro 2016 team Albania']], [[9, 'Juventus F.C. team Barcelona']], [[0, 'UEFA Euro 2016 team Croatia'], [2, 'UEFA Euro 2016 team Portugal']], [[0, 'UEFA Euro 2016 team Croatia'], [4, 'UEFA Euro 2016 team Poland']], [[0, 'UEFA Euro 2016 team Croatia'], [5, 'UEFA Euro 2016 team Albania']], [[0, 'UEFA Euro 2016 team Croatia'], [9, 'Juventus F.C. team Barcelona']], [[2, 'UEFA Euro 2016 team Portugal'], [4, 'UEFA Euro 2016 team Poland']], [[2, 'UEFA Euro 2016 team Portugal'], [5, 'UEFA Euro 2016 team Albania']], [[2, 'UEFA Euro 2016 team Portugal'], [9, 'Juventus F.C. team Barcelona']], [[4, 'UEFA Euro 2016 team Poland'], [5, 'UEFA Euro 2016 team Albania']], [[4, 'UEFA Euro 2016 team Poland'], [9, 'Juventus F.C. team Barcelona']], [[5, 'UEFA Euro 2016 team Albania'], [9, 'Juventus F.C. team Barcelona']]]	0	1
count	P54	How many teams has National Hockey League played for?	[]	None	[[]]	0	0
count	P54	How many teams has Iowa played for?	[1]	[[1]]	[[[1, 'Iowa team Iowa Hawkeyes wrestling']]]	1	1
count	P54	How many people play for Portugal?	[1]	None	[[]]	0	0
count	P54	How many teams has UEFA Euro 2016 played for?	[2]	[[2], [3]]	[[[1, '2017 Grand Prix de Denain team FDJ']], [[2, 'UEFA Euro 2016 team Slovakia']], [[3, 'UEFA Euro 2016 team Switzerland']], [[4, 'UEFA Euro 2016 team Portugal']], [[3, 'UEFA Euro 2016 team Switzerland'], [2, 'UEFA Euro 2016 team Slovakia']], [[3, 'UEFA Euro 2016 team Switzerland'], [4, 'UEFA Euro 2016 team Portugal']], [[4, 'UEFA Euro 2016 team Portugal'], [2, 'UEFA Euro 2016 team Slovakia']]]	1	1
bool	P118	Does Paysandu Sport Club participate in B.?	[]	[]	[[[0, 'Paysandu Sport Club division B.']]]	1	1
set	P54	Atlanta Falcons is a member of which teams?	['New York Jets', 'Detroit Lions']	[[0], [4]]	[[[0, 'Atlanta Falcons team New York Jets']], [[1, 'Atlanta Falcons team Pittsburgh Steelers']], [[2, 'Atlanta Falcons team Philadelphia Eagles']], [[3, 'Philadelphia team Eagles']], [[4, 'Atlanta Falcons team Detroit Lions']], [[9, 'Atlanta Falcons team Buffalo Bills']], [[3, 'Philadelphia team Eagles'], [0, 'Atlanta Falcons team New York Jets']], [[3, 'Philadelphia team Eagles'], [2, 'Atlanta Falcons team Philadelphia Eagles']], [[3, 'Philadelphia team Eagles'], [4, 'Atlanta Falcons team Detroit Lions']]]	1	1
count	P54	How many teams has Aaron Telitz played for?	[]	None	[[]]	0	0
set	P118	Who participates in Championship?	['Doncaster Rovers F.C.']	None	[[]]	0	0
count	P118	How many participants are there in C.?	[]	None	[[]]	0	0
min/max	P54	Who has played for the highest number of teams?	['2014 Tour of Turkey']	None	[[]]	0	0
min/max	P54	Who has played for the fewest teams?	['2014 Tour of Turkey', '2013 FIA World Endurance Championship']	[[0], [2, 4, 5, 7], [8], [9]]	[[[0, 'Atlanta Falcons team Baltimore Ravens']], [[9, 'Atlanta Falcons team New England Patriots']]]	0	1
bool	P54	Is 2013 FIA World Endurance Championship part of Baltimore Ravens?	['FALSE']	[[1], [8]]	[[[1, '2013 FIA World Endurance Championship team Porsche AG Team Manthey Racing']], [[8, '2013 FIA World Endurance Championship team Lotus']]]	1	1
bool	P54	Does National Hockey League play for Iowa State Cyclones football?	['FALSE']	[[4], [6], [7]]	[[[0, 'National Hockey League team Toronto Maple Leafs']], [[4, 'National Hockey League team Colorado Avalanche']], [[5, 'Iowa team Iowa State Cyclones football']], [[6, 'National Hockey League team Boston Bruins']], [[7, 'National Hockey League team Pittsburgh Penguins']]]	1	1
set	P54	Who plays for Iowa Hawkeyes football?	['Iowa']	[[9]]	[[[5, 'Iowa team Iowa State Cyclones football']], [[8, 'Indiana league National Football League']], [[9, 'Iowa team Iowa Hawkeyes football']]]	1	1
min/max	P118	What league has the fewest participants?	['National Football League']	[[8]]	[[[8, 'Indiana league National Football League']]]	1	1
bool	P54	Does National Hockey League play for Iowa Hawkeyes football?	['FALSE']	[[0]]	[[[0, 'National Hockey League team Toronto Maple Leafs']], [[4, 'National Hockey League team Colorado Avalanche']], [[5, 'Iowa team Iowa State Cyclones football']], [[6, 'National Hockey League team Boston Bruins']], [[7, 'National Hockey League team Pittsburgh Penguins']], [[9, 'Iowa team Iowa Hawkeyes football']]]	1	1
set	P118	What league does Paysandu Sport Club play for?	['B.']	[[2]]	[[[2, 'Paysandu Sport Club division B.']]]	1	1
count	P54	How many teams has National Hockey League played for?	[1]	[[8]]	[[[8, 'National Hockey League team Detroit Red Wings']]]	1	1
min/max	P54	Who has played for the least number of different teams?	['1997 World Artistic Gymnastics Championships']	[[2], [4], [8]]	[[[0, '2010 FIFA World Cup team South Africa']], [[4, 'Atlanta Falcons team Buffalo Bills']], [[6, '2010 FIFA World Cup team Ghana']], [[8, 'Atlanta Falcons team Baltimore Ravens']]]	0	1
set	P54	2010 FIFA World Cup is a member of which teams?	['Japan']	[[4]]	[[], [[1, 'UEFA Euro 2016 team Hungary']], [[2, '2010 FIFA World Cup team Argentina']], [[3, '2010 FIFA World Cup team Greece']], [[4, '2010 FIFA World Cup team Japan']], [[5, '2013 FIA World Endurance Championship team Aston Martin Racing']], [[6, '2013 FIA World Endurance Championship team Aston Martin Racing']], [[7, '2013 FIA World Endurance Championship team Aston Martin Racing']], [[1, 'UEFA Euro 2016 team Hungary'], [3, '2010 FIFA World Cup team Greece']]]	1	1
min/max	P54	Who has played for the least teams?	['2013 FIA World Endurance Championship']	None	[[[1, 'UEFA Euro 2016 team Hungary']], [[2, '2010 FIFA World Cup team Argentina']], [[3, '2010 FIFA World Cup team Greece']], [[9, '2010 FIFA World Cup team Brazil']], [[1, 'UEFA Euro 2016 team Hungary'], [2, '2010 FIFA World Cup team Argentina']], [[1, 'UEFA Euro 2016 team Hungary'], [3, '2010 FIFA World Cup team Greece']], [[1, 'UEFA Euro 2016 team Hungary'], [4, '2010 FIFA World Cup team Japan']], [[1, 'UEFA Euro 2016 team Hungary'], [9, '2010 FIFA World Cup team Brazil']], [[2, '2010 FIFA World Cup team Argentina'], [3, '2010 FIFA World Cup team Greece']], [[2, '2010 FIFA World Cup team Argentina'], [4, '2010 FIFA World Cup team Japan']], [[2, '2010 FIFA World Cup team Argentina'], [9, '2010 FIFA World Cup team Brazil']], [[3, '2010 FIFA World Cup team Greece'], [9, '2010 FIFA World Cup team Brazil']], [[9, '2010 FIFA World Cup team Brazil'], [4, '2010 FIFA World Cup team Japan']]]	0	0
set	P54	1962 FIFA World Cup is a member of which teams?	['Colombia', 'West Germany']	[[0], [6]]	[[[0, '1962 FIFA World Cup team West Germany']], [[2, '1962 FIFA World Cup team Czechoslovakia']], [[6, '1962 FIFA World Cup team Colombia']], [[7, '1962 FIFA World Cup team Argentina']], [[8, '1962 FIFA World Cup team Chile']], [[9, 'Doncaster Rovers F.C. league Championship']]]	1	1
bool	P118	Does Paysandu Sport Club participate in Second League?	['FALSE']	[[4]]	[[[4, 'Paysandu Sport C.lub division C.']]]	1	1
bool	P54	Is 1962 FIFA World Cup part of Cofidis?	['FALSE']	[[0], [6], [8]]	[[[0, '1962 FIFA World Cup team West Germany']], [[2, '1962 FIFA World Cup team Czechoslovakia']], [[6, '1962 FIFA World Cup team Colombia']], [[7, '1962 FIFA World Cup team Argentina']], [[8, '1962 FIFA World Cup team Chile']]]	1	1
min/max	P54	What is the smallest team?	['West Germany', 'Franca', 'Cofidis', 'Argentina']	None	[[]]	0	0
set	P118	Who plays in Second League?	['OFC Nesebar']	None	[[]]	0	0
count	P54	How many people play for Czechoslovakia?	[1]	None	[[]]	0	0
min/max	P54	Who has played for the least teams?	['2013 FIA World Endurance Championship', 'Atlanta Falcons']	None	[[[4, 'Atlanta Falcons team Buffalo Bills']], [[8, 'Atlanta Falcons team Miami Dolphins']]]	0	0
set	P54	List teams 2013 FIA World Endurance Championship plays for	['8 Star Motorsports', 'Rebellion Racing']	[[3], [7]]	[[[3, '2013 FIA World Endurance Championship team 8 Star Motorsports'], [7, '2013 FIA World Endurance Championship team Rebellion Racing']]]	0	1
bool	P54	Is Atlanta Falcons part of 8 Star Motorsports?	['FALSE']	[[8]]	[[[4, 'Atlanta Falcons team Buffalo Bills']], [[8, 'Atlanta Falcons team Miami Dolphins']]]	1	1
set	P54	Cypriot First Division is a member of which teams?	[]	None	[[]]	0	0
count	P54	How many people play for Miami Dolphins?	[1]	[[8]]	[[[4, 'Atlanta Falcons team Buffalo Bills']], [[8, 'Atlanta Falcons team Miami Dolphins']], [[4, 'Atlanta Falcons team Buffalo Bills'], [8, 'Atlanta Falcons team Miami Dolphins']]]	1	1
count	P118	How many people play in South?	[1]	[[4]]	[[[4, 'Alabama league South']]]	1	1
min/max	P54	Which team has the least players?	['Elena Grosheva', 'United States', 'Cincinnati Bengals', 'Dmitri Vasilenko']	None	[[[3, 'Atlanta Falcons team Cincinnati Bengals']], [[5, 'Atlanta Falcons team Philadelphia Eagles']]]	0	0
min/max	P54	Who has played for the most number of teams?	['1997 World Artistic Gymnastics Championships', 'Atlanta Falcons']	[[1], [3], [5], [6]]	[[[3, 'Atlanta Falcons team Cincinnati Bengals']], [[5, 'Atlanta Falcons team Philadelphia Eagles']], [[7, '2010 FIFA World Cup team Australia']], [[3, 'Atlanta Falcons team Cincinnati Bengals'], [7, '2010 FIFA World Cup team Australia']], [[5, 'Atlanta Falcons team Philadelphia Eagles'], [7, '2010 FIFA World Cup team Australia']]]	0	1
count	P54	How many teams has 1997 World Artistic Gymnastics Championships played for?	[3]	[[1], [3], [5]]	[[[1, '1997 World Artistic Gymnastics Championships team Belarus']], [[2, '1997 World Artistic Gymnastics Championships team Russia']], [[3, '1997 World Artistic Gymnastics Championships team Shigeru Kurihara']], [[5, '1997 World Artistic Gymnastics Championships team Elena Dolgopolova']], [[6, '1997 World Artistic Gymnastics Championships team Mirela Țugurlan']], [[8, '1997 World Artistic Gymnastics Championships team Alexei Nemov']], [[9, '1997 World Artistic Gymnastics Championships team Zhou Duan']]]	1	1
bool	P54	Does 1997 World Artistic Gymnastics Championships play for Zhou Duan?	['TRUE']	[[9]]	[[[1, '1997 World Artistic Gymnastics Championships team Belarus']], [[2, '1997 World Artistic Gymnastics Championships team Russia']], [[5, '1997 World Artistic Gymnastics Championships team Elena Dolgopolova']], [[6, '1997 World Artistic Gymnastics Championships team Mirela Țugurlan']], [[8, '1997 World Artistic Gymnastics Championships team Alexei Nemov']], [[9, '1997 World Artistic Gymnastics Championships team Zhou Duan']]]	1	1
count	P54	How many teams has Juventus F.C. played for?	[1]	[[0]]	[[[0, 'Juventus F.C. team Barcelona']]]	1	1
bool	P54	Is 1997 World Artistic Gymnastics Championships part of Barcelona?	['FALSE']	[[1], [3]]	[[[1, '1997 World Artistic Gymnastics Championships team Belarus']], [[2, '1997 World Artistic Gymnastics Championships team Russia']], [[3, '1997 World Artistic Gymnastics Championships team Shigeru Kurihara']]]	1	1
set	P54	Who is a member of Shigeru Kurihara?	['1997 World Artistic Gymnastics Championships']	[[3]]	[[[3, '1997 World Artistic Gymnastics Championships team Shigeru Kurihara']]]	1	1
min/max	P54	Who has played for the least teams?	['Juventus F.C.']	None	[[[0, 'Juventus F.C. team Barcelona']]]	0	0
bool	P54	Is 2013 FIA World Endurance Championship part of OAK Racing?	['TRUE']	[[7]]	[[[7, '2013 FIA World Endurance Championship team OAK Racing']]]	1	1
min/max	P54	Who has played for the fewest teams?	['Mexico City', '1962 FIFA World Cup']	None	[[[4, '1962 FIFA World Cup team England']], [[7, '1962 FIFA World Cup team West Germany']], [[8, '1962 FIFA World Cup team Soviet Union']]]	0	0
set	P54	AFC Asian Cup is a member of which teams?	['Iraq', 'North Korea', 'Japan']	[[2], [4], [8]]	[[[2, 'AFC Asian Cup team Japan']], [[4, 'AFC Asian Cup team North Korea']], [[5, 'AFC Asian Cup team Australia']], [[6, 'AFC Asian Cup team India']], [[8, 'AFC Asian Cup team Iraq']]]	1	1
min/max	P54	What is the team with the most players?	['Philippines', 'Red Bull Racing']	[[0], [3]]	[[[1, '1962 FIFA World Cup team Uruguay']], [[4, 'AFC Asian Cup team North Korea']], [[5, 'AFC Asian Cup team Australia']], [[1, '1962 FIFA World Cup team Uruguay'], [3, 'Red Bull RB3 team Red Bull Racing']], [[1, '1962 FIFA World Cup team Uruguay'], [5, 'AFC Asian Cup team Australia']], [[4, 'AFC Asian Cup team North Korea'], [2, 'AFC Asian Cup team Japan']], [[4, 'AFC Asian Cup team North Korea'], [3, 'Red Bull RB3 team Red Bull Racing']], [[4, 'AFC Asian Cup team North Korea'], [5, 'AFC Asian Cup team Australia']], [[5, 'AFC Asian Cup team Australia'], [2, 'AFC Asian Cup team Japan']], [[5, 'AFC Asian Cup team Australia'], [3, 'Red Bull RB3 team Red Bull Racing']]]	0	1
bool	P54	Does AFC Asian Cup play for Japan?	[]	None	[[]]	0	0
set	P54	Who plays for Uruguay?	[]	[]	[[[1, '1962 FIFA World Cup team Uruguay']]]	1	1
bool	P118	Does Sabah play in West Coast Division?	['TRUE']	[[7]]	[[[7, 'Sabah division West Coast Division']]]	1	1
set	P54	Who is a member of Malaysia?	['1998 Tour de Langkawi']	None	[[[2, 'Sabah division Tawau Division']], [[7, 'Sabah division West Coast Division']]]	0	0
count	P54	How many people play for Uzbekistan?	[1]	[[0]]	[[[0, 'AFC Asian Cup team Uzbekistan']], [[1, 'FC Spartak Varna league League']]]	1	1
min/max	P118	Who has participated in the least number of leagues?	[]	[]	[[[0, 'AFC Asian Cup team Uzbekistan']]]	1	1
bool	P118	Is the league that Barcelona plays for World League?	[]	None	[[]]	0	0
bool	P118	Does FC Liefering play in Tawau Division?	['FALSE']	[[2]]	[[[2, 'FC Liefering league league']]]	1	1
bool	P118	Is FC Spartak Varna a participant of Sandakan Division?	['FALSE']	[[4]]	[[[4, 'FC Spartak Varna league League']]]	1	1
set	P54	Who is a member of Red Bull Racing?	['Red Bull RB3']	[[6]]	[[[6, 'Red Bull RB3 team Red Bull Racing']]]	1	1
count	P118	How many participants are there in Oberliga Baden-Württemberg?	[1]	[[0]]	[[[0, 'SC Freiburg division Oberliga Baden-Württemberg']]]	1	1
bool	P54	Is AFC Asian Cup a member of Iraq?	['TRUE']	[[3]]	[[[3, 'AFC Asian Cup team Iraq']], [[4, 'AFC Asian Cup team United Arab Emirates']]]	1	1
bool	P118	Does Sabah participate in Oberliga Baden-Württemberg?	['FALSE']	None	[[[4, 'AFC Asian Cup team United Arab Emirates']]]	0	0
min/max	P54	Who has played for the fewest teams?	['2010 FIFA World Cup', 'AFC Asian Cup']	[[2], [4]]	[[[1, '1962 FIFA World Cup team Uruguay']], [[2, '2010 FIFA World Cup team Uruguay']], [[3, 'AFC Asian Cup team Iraq']], [[4, 'AFC Asian Cup team United Arab Emirates']], [[7, '1962 FIFA World Cup team Uruguay']], [[3, 'AFC Asian Cup team Iraq'], [4, 'AFC Asian Cup team United Arab Emirates']]]	1	1
set	P54	List teams 2010 FIFA World Cup plays for	['Argentina']	[[3]]	[[[0, 'AFC Asian Cup team Qatar'], [3, '2010 FIFA World Cup team Argentina']], [[0, 'AFC Asian Cup team Qatar'], [4, 'UEFA Euro 2016 team Republic of Ireland']], [[0, 'AFC Asian Cup team Qatar'], [7, 'AFC Asian Cup team Israel']], [[3, '2010 FIFA World Cup team Argentina'], [4, 'UEFA Euro 2016 team Republic of Ireland']], [[3, '2010 FIFA World Cup team Argentina'], [7, 'AFC Asian Cup team Israel']], [[4, 'UEFA Euro 2016 team Republic of Ireland'], [7, 'AFC Asian Cup team Israel']]]	0	1
bool	P54	Does 1998 Tour de Langkawi play for Israel?	['FALSE']	[[2]]	[[[1, '1998 Tour de Langkawi team Malaysia']], [[2, '1998 Tour de Langkawi team Australia']], [[5, '1998 Tour de Langkawi team Mróz']], [[6, '1998 Tour de Langkawi team Malaysia']], [[9, '1998 Tour de Langkawi team Republic of Ireland']]]	1	1
set	P54	Who is a member of Republic of Ireland?	['UEFA Euro 2016', '1998 Tour de Langkawi']	None	[[]]	0	0
bool	P54	Does 1998 Tour de Langkawi play for FDJ?	['FALSE']	None	[[[1, '1998 Tour de Langkawi team Malaysia']], [[2, '1998 Tour de Langkawi team Australia']], [[5, '1998 Tour de Langkawi team Mróz']], [[6, '1998 Tour de Langkawi team Malaysia']]]	0	0
count	P54	How many people play for Australia?	[1]	None	[[]]	0	0
bool	P54	Does 1998 Tour de Langkawi play for Malaysia?	['TRUE']	None	[[[1, '1998 Tour de Langkawi team Malaysia']], [[2, '1998 Tour de Langkawi team Australia']], [[5, '1998 Tour de Langkawi team Mróz']], [[6, '1998 Tour de Langkawi team Malaysia']], [[9, '1998 Tour de Langkawi team Republic of Ireland']]]	0	0
set	P54	Who plays for Australia?	['1998 Tour de Langkawi']	None	[[]]	0	0
bool	P54	Is 2010 FIFA World Cup a member of Qatar?	['FALSE']	[[3]]	[[[0, 'AFC Asian Cup team Qatar']], [[3, '2010 FIFA World Cup team Argentina']], [[4, 'UEFA Euro 2016 team Republic of Ireland']], [[7, 'AFC Asian Cup team Israel']]]	1	1
bool	P54	Is AFC Asian Cup a member of Kazakhstan?	['FALSE']	[[3], [9]]	[[[0, 'AFC Asian Cup team Thailand']], [[1, 'AFC Asian Cup team Hong Kong']], [[2, 'AFC Asian Cup team Iraq']], [[3, 'AFC Asian Cup team India']], [[9, 'AFC Asian Cup team North Korea']]]	1	1
count	P118	How many participants are there in League?	[]	None	[[]]	0	0
set	P54	Who is a member of Iraq?	['AFC Asian Cup']	None	[[]]	0	0
set	P54	AFC Asian Cup is a member of which teams?	['India', 'North Korea']	[[3], [9]]	[[[0, 'AFC Asian Cup team Thailand']], [[1, 'AFC Asian Cup team Hong Kong']], [[2, 'AFC Asian Cup team Iraq']], [[3, 'AFC Asian Cup team India']], [[9, 'AFC Asian Cup team North Korea']]]	1	1
count	P54	How many teams has AFC Asian Cup played for?	[2]	[[0], [1]]	[[[0, 'AFC Asian Cup team Thailand']], [[1, 'AFC Asian Cup team Hong Kong']], [[2, 'AFC Asian Cup team Iraq']], [[3, 'AFC Asian Cup team India']], [[9, 'AFC Asian Cup team North Korea']], [[2, 'AFC Asian Cup team Iraq'], [3, 'AFC Asian Cup team India']]]	1	1
min/max	P54	Which team has the most players?	['Thailand', 'Iraq']	[[0], [2]]	[[[0, 'AFC Asian Cup team Thailand']], [[1, 'AFC Asian Cup team Hong Kong']], [[2, 'AFC Asian Cup team Iraq']], [[3, 'AFC Asian Cup team India']], [[0, 'AFC Asian Cup team Thailand'], [1, 'AFC Asian Cup team Hong Kong']], [[0, 'AFC Asian Cup team Thailand'], [3, 'AFC Asian Cup team India']], [[1, 'AFC Asian Cup team Hong Kong'], [3, 'AFC Asian Cup team India']], [[2, 'AFC Asian Cup team Iraq'], [0, 'AFC Asian Cup team Thailand']], [[2, 'AFC Asian Cup team Iraq'], [1, 'AFC Asian Cup team Hong Kong']], [[2, 'AFC Asian Cup team Iraq'], [3, 'AFC Asian Cup team India']]]	1	1
set	P54	List teams 2013 FIA World Endurance Championship plays for	[]	None	[[]]	0	0
bool	P54	Does AFC Asian Cup play for China?	['FALSE']	[[7]]	[[[4, 'AFC Asian Cup team North Korea']], [[7, 'AFC Asian Cup team Qatar']], [[8, 'AFC Asian Cup team Israel']]]	1	1
bool	P54	Is 2013 FIA World Endurance Championship part of China?	[]	None	[[]]	0	0
set	P54	List teams AFC Asian Cup plays for	['Israel', 'Qatar', 'North Korea']	[[4], [7], [8]]	[[[4, 'AFC Asian Cup team North Korea'], [7, 'AFC Asian Cup team Qatar']], [[4, 'AFC Asian Cup team North Korea'], [8, 'AFC Asian Cup team Israel']], [[7, 'AFC Asian Cup team Qatar'], [8, 'AFC Asian Cup team Israel']]]	0	1
bool	P54	Is 1998 Tour de Langkawi part of North Korea?	['FALSE']	[[2]]	[[[2, '1998 Tour de Langkawi team Indonesia']], [[3, '1998 Tour de Langkawi team China']]]	1	1
bool	P54	Is 1998 Tour de Langkawi part of Mróz?	['TRUE']	[[9]]	[[[2, '1998 Tour de Langkawi team Indonesia']], [[3, '1998 Tour de Langkawi team China']], [[9, '1998 Tour de Langkawi team Mróz']]]	1	1
count	P54	How many people play for OAK Racing?	[1]	None	[[]]	0	0
min/max	P118	What league has the most participants?	[]	None	[[]]	0	0
min/max	P54	Who has played for the least number of different teams?	['2013 FIA World Endurance Championship']	[[1, 6], [2], [3], [4], [8], [9]]	[[[4, 'AFC Asian Cup team North Korea']], [[8, 'AFC Asian Cup team Israel']]]	0	1
min/max	P54	What is the team with the most players?	['Saudi Arabia']	None	[[]]	0	0
min/max	P54	Who has played for the most teams?	[]	None	[[]]	0	0
bool	P54	Does 1998 Tour de Langkawi play for Rebellion Racing?	['FALSE']	None	[[[2, '1998 Tour de Langkawi team Malaysia']], [[7, '1998 Tour de Langkawi team Malaysia']]]	0	0
count	P118	How many leagues has Barcelona played for?	[1]	None	[[]]	0	0
set	P54	Who is a member of Indonesia?	['1998 Tour de Langkawi']	None	[[]]	0	0
set	P54	1998 Tour de Langkawi is a member of which teams?	[]	[]	[[[2, '1998 Tour de Langkawi team Mróz']]]	1	1
bool	P54	Does 1998 Tour de Langkawi play for Post Swiss Team?	['TRUE']	[[7]]	[[[2, '1998 Tour de Langkawi team Mróz']], [[6, '1998 Tour de Kingdom of Denmark']], [[7, '1998 Tour de Langkawi team Post Swiss Team']]]	1	1
count	P54	How many people play for Mróz?	[1]	None	[[]]	0	0
bool	P118	Is FC Spartak Varna a participant of League?	[]	None	[[]]	0	0
count	P54	How many people play for Post Swiss Team?	[1]	[[7]]	[[[7, '1998 Tour de Langkawi team Post Swiss Team']]]	1	1
count	P54	How many people play for Philippines?	[]	None	[[]]	0	0
min/max	P54	Who has played for the fewest teams?	['AFC Asian Cup']	[[2], [3], [4, 9], [5], [6, 8]]	[[[0, 'UEFA Euro 2016 team Portugal']], [[1, 'AFC Asian Cup team Uzbekistan']], [[5, 'AFC Asian Cup team South Korea']], [[7, 'UEFA Euro 2016 team Czech Republic']], [[0, 'UEFA Euro 2016 team Portugal'], [1, 'AFC Asian Cup team Uzbekistan']], [[0, 'UEFA Euro 2016 team Portugal'], [7, 'UEFA Euro 2016 team Czech Republic']], [[5, 'AFC Asian Cup team South Korea'], [1, 'AFC Asian Cup team Uzbekistan']]]	0	1
count	P54	How many people play for Uzbekistan?	[1]	[[1]]	[[[1, 'AFC Asian Cup team Uzbekistan']]]	1	1
min/max	P54	Who has played for the most teams?	['AFC Asian Cup', '1998 Tour de Langkawi']	[[1], [2], [4, 9], [5], [7]]	[[[0, 'UEFA Euro 2016 team Portugal']], [[1, 'AFC Asian Cup team Uzbekistan']], [[5, 'AFC Asian Cup team South Korea']], [[7, 'UEFA Euro 2016 team Czech Republic']], [[0, 'UEFA Euro 2016 team Portugal'], [1, 'AFC Asian Cup team Uzbekistan']], [[0, 'UEFA Euro 2016 team Portugal'], [7, 'UEFA Euro 2016 team Czech Republic']]]	0	1
set	P54	List teams AFC Asian Cup plays for	['Uzbekistan', 'South Korea']	[[1], [5]]	[[[1, 'AFC Asian Cup team Uzbekistan'], [0, 'UEFA Euro 2016 team Portugal']], [[1, 'AFC Asian Cup team Uzbekistan'], [5, 'AFC Asian Cup team South Korea']], [[1, 'AFC Asian Cup team Uzbekistan'], [7, 'UEFA Euro 2016 team Czech Republic']], [[5, 'AFC Asian Cup team South Korea'], [7, 'UEFA Euro 2016 team Czech Republic']]]	0	1
set	P54	1998 Tour de Langkawi is a member of which teams?	['Mróz']	[[2]]	[[[0, 'UEFA Euro 2016 team Portugal']], [[1, 'AFC Asian Cup team Uzbekistan']], [[2, '1998 Tour de Langkawi team Mróz']], [[3, '1998 Tour de Langkawi team China']], [[4, '1998 Tour de Langkawi team Philippines']], [[6, '1998 Tour de Langkawi team South Africa']], [[8, '1998 Tour de Langkawi team South Africa']], [[9, '1998 Tour de Langkawi team Philippines']]]	1	1
bool	P54	Does AFC Asian Cup play for South Korea?	[]	[]	[[[1, 'AFC Asian Cup team Uzbekistan']]]	1	1
set	P54	Who plays for South Africa?	['1998 Tour de Langkawi']	None	[[]]	0	0
set	P54	UEFA Euro 2016 is a member of which teams?	['Czech Republic']	[[7]]	[[[0, 'UEFA Euro 2016 team Portugal']], [[1, 'AFC Asian Cup team Uzbekistan']], [[5, 'AFC Asian Cup team South Korea']], [[7, 'UEFA Euro 2016 team Czech Republic']]]	1	1
set	P54	List teams AFC Asian Cup plays for	['Uzbekistan']	[[1]]	[[[1, 'AFC Asian Cup team Uzbekistan'], [0, 'UEFA Euro 2016 team Portugal']]]	0	1
set	P54	Who plays for Indonesia?	['1998 Tour de Langkawi']	None	[[]]	0	0
count	P118	How many leagues has Barcelona played for?	[1]	None	[[[4, 'Barcelona league World League']]]	0	0
bool	P54	Does 1998 Tour de Langkawi play for Mirela Țugurlan?	['FALSE']	[[0], [1], [2, 3], [5], [7], [8]]	[[[0, '1998 Tour de Langkawi team Malaysia']], [[1, '1998 Tour de Langkawi team Philippines']], [[2, '1998 Tour de Langkawi team China']], [[3, '1998 Tour de Langkawi team China']], [[5, '1998 Tour de Langkawi team Australia']], [[7, '1998 Tour de Langkawi team South Africa']], [[8, '1998 Tour de Langkawi team Indonesia']], [[9, '1997 World Artistic Gymnastics Championships team Mirela Țugurlan']], [[0, '1998 Tour de Langkawi team Malaysia'], [5, '1998 Tour de Langkawi team Australia']], [[8, '1998 Tour de Langkawi team Indonesia'], [5, '1998 Tour de Langkawi team Australia']]]	0	1
count	P54	How many teams has 1998 Tour de Langkawi played for?	[]	[]	[[[0, '1998 Tour de Langkawi team Malaysia']], [[1, '1998 Tour de Langkawi team Philippines']], [[2, '1998 Tour de Langkawi team China']], [[3, '1998 Tour de Langkawi team China']]]	1	1
set	P54	Red Bull RB3 is a member of which teams?	[]	None	[[], [[4, 'Red Bull RB3 team Red Bull Racing']]]	0	0
set	P118	Who participates in American Association?	['Indiana']	[[0]]	[[[0, 'Indiana league American Association']]]	1	1
min/max	P118	Who has participated in the most number of leagues?	['Indiana', 'Sabah']	None	[[]]	0	0
min/max	P54	Who has played for the least teams?	['AFC Asian Cup']	[[0], [2], [5]]	[[[1, 'AFC Asian Cup team Uzbekistan']], [[3, 'UEFA Euro 2016 team Portugal']], [[7, 'FIFA World Cup team Bulgaria']], [[9, 'AFC Asian Cup team South Korea']], [[1, 'AFC Asian Cup team Uzbekistan'], [5, 'AFC Asian Cup team Thailand']], [[1, 'AFC Asian Cup team Uzbekistan'], [7, 'FIFA World Cup team Bulgaria']], [[3, 'UEFA Euro 2016 team Portugal'], [1, 'AFC Asian Cup team Uzbekistan']], [[3, 'UEFA Euro 2016 team Portugal'], [7, 'FIFA World Cup team Bulgaria']], [[9, 'AFC Asian Cup team South Korea'], [1, 'AFC Asian Cup team Uzbekistan']]]	0	1
bool	P54	Is UEFA Euro 2016 part of Portugal?	['TRUE']	[[3]]	[[[3, 'UEFA Euro 2016 team Portugal']], [[7, 'FIFA World Cup team Bulgaria']]]	1	1
bool	P54	Does FIFA World Cup play for Malaysia?	['FALSE']	[[7]]	[[[1, 'AFC Asian Cup team Uzbekistan']], [[3, 'UEFA Euro 2016 team Portugal']], [[5, 'AFC Asian Cup team Thailand']], [[6, 'AFC Asian Cup team Kuwait']], [[7, 'FIFA World Cup team Bulgaria']], [[9, 'AFC Asian Cup team South Korea']], [[3, 'UEFA Euro 2016 team Portugal'], [7, 'FIFA World Cup team Bulgaria']]]	1	1
count	P118	How many people play in Interior Division?	[1]	[[4]]	[[[4, 'Sabah division Interior Division']]]	1	1
bool	P54	Is 1998 Tour de Langkawi part of Portugal?	['FALSE']	[[0], [2]]	[[[0, '1998 Tour de Langkawi team Malaysia']], [[2, '1998 Tour de Langkawi team Mróz']]]	1	1
bool	P54	Is 1998 Tour de Langkawi a member of Malaysia?	['TRUE']	[[0]]	[[[0, '1998 Tour de Langkawi team Malaysia']], [[2, '1998 Tour de Langkawi team Mróz']]]	1	1
count	P54	How many people play for Portugal?	[]	None	[[]]	0	0
set	P54	AFC Asian Cup is a member of which teams?	['Kuwait', 'South Korea', 'Thailand']	[[5], [6], [9]]	[[[1, 'AFC Asian Cup team Uzbekistan']], [[5, 'AFC Asian Cup team Thailand']], [[6, 'AFC Asian Cup team Kuwait']], [[7, 'FIFA World Cup team Bulgaria']], [[9, 'AFC Asian Cup team South Korea']]]	1	1
count	P54	How many people play for Uzbekistan?	[]	None	[[]]	0	0
count	P54	How many teams has AFC Asian Cup played for?	[1]	[[3]]	[[[1, 'AFC Asian Cup team Hong Kong']], [[3, 'AFC Asian Cup team Australia']], [[9, 'AFC Asian Cup team Israel']], [[9, 'AFC Asian Cup team Israel'], [3, 'AFC Asian Cup team Australia']]]	1	1
count	P54	How many people play for Israel?	[]	None	[[]]	0	0
bool	P54	Does 1998 Tour de Langkawi play for Malaysia?	['TRUE']	None	[[[0, '1998 Tour de Langkawi team Malaysia']], [[2, '1998 Tour de Langkawi team South Africa']], [[6, '1998 Tour de Langkawi team China']], [[7, '1998 Tour de Langkawi team Malaysia']], [[8, '1998 Tour de Langkawi team Mróz']]]	0	0
set	P54	Who is a member of China?	['1998 Tour de Langkawi']	None	[[]]	0	0
min/max	P54	Who has played for the least number of different teams?	['Ýokary Liga']	None	[[[3, 'AFC Asian Cup team Australia']], [[9, 'AFC Asian Cup team Israel']], [[9, 'AFC Asian Cup team Israel'], [3, 'AFC Asian Cup team Australia']]]	0	0
bool	P54	Is AFC Asian Cup a member of Mróz?	['FALSE']	[[9]]	[[[1, 'AFC Asian Cup team Hong Kong']], [[3, 'AFC Asian Cup team Australia']], [[9, 'AFC Asian Cup team Israel']]]	1	1
count	P54	How many people play for Hong Kong?	[1]	[[1]]	[[[1, 'AFC Asian Cup team Hong Kong']]]	1	1
count	P54	How many people play for Barcelona?	[1]	[[3]]	[[[3, 'Juventus F.C. team Barcelona']], [[9, 'Barcelona league World League']], [[9, 'Barcelona league World League'], [0, 'Red Bull RB3 team Red Bull Racing']], [[9, 'Barcelona league World League'], [3, 'Juventus F.C. team Barcelona']], [[9, 'Barcelona league World League'], [7, 'Red Bull RB3 team Red Bull Racing']]]	1	1
count	P54	How many teams has 1998 Tour de Langkawi played for?	[]	[]	[[[1, '1998 Tour de Kingdom of Denmark']]]	1	1
count	P118	How many participants are there in League?	[1]	None	[[]]	0	0
bool	P118	Does Sabah play in League?	['FALSE']	None	[[]]	0	0
set	P54	Who is a member of Barcelona?	[]	None	[[]]	0	0
set	P54	1998 Tour de Langkawi is a member of which teams?	['Kazakhstan']	[[3]]	[[[2, '1998 Tour de Langkawi team Malaysia']], [[3, '1998 Tour de Langkawi team Kazakhstan']], [[5, '1998 Tour de Langkawi team China']]]	1	1
min/max	P54	Who has played for the highest number of teams?	['1998 Tour de Langkawi']	[[0], [1], [3], [7]]	[[[0, 'Juventus F.C. team Real Madrid']], [[1, 'AFC Asian Cup team Hong Kong']], [[1, 'AFC Asian Cup team Hong Kong'], [0, 'Juventus F.C. team Real Madrid']]]	0	1
set	P118	Who plays in League?	[]	None	[[]]	0	0
set	P54	Who plays for Mróz?	[]	None	[[]]	0	0
set	P54	Who plays for Mróz?	['1998 Tour de Langkawi']	None	[[]]	0	0
min/max	P54	What is the smallest team?	['Kingdom of Denmark', 'Malaysia', 'Mróz']	None	[[]]	0	0
bool	P118	Is the league that Barcelona plays for League?	['FALSE']	None	[[[1, 'UEFA Euro 2016 team Czech Republic']]]	0	0
bool	P118	Does FC Spartak Varna participate in Tercera División?	['FALSE']	None	[[[0, 'FC Spartak Varna league League']], [[9, 'FC Spartak Varna league League']]]	0	0
count	P54	How many teams has UEFA Euro 2016 played for?	[1]	[[1]]	[[[1, 'UEFA Euro 2016 team Czech Republic']]]	1	1
set	P54	Cypriot First Division is a member of which teams?	['Alki Oroklini']	[[8]]	[[[1, 'UEFA Euro 2016 team Czech Republic']], [[8, 'Cypriot First Division team Alki Oroklini']]]	1	1
set	P118	What league is FC Spartak Varna participant of?	['League']	[[4]]	[[[4, 'FC Spartak Varna league League']]]	1	1
count	P54	How many teams has 1998 Tour de Langkawi played for?	[4]	[[0, 9], [1], [5, 7], [8]]	[[[0, '1998 Tour de Langkawi team Malaysia']], [[1, '1998 Tour de Langkawi team Philippines']], [[5, '1998 Tour de Langkawi team Australia']], [[6, '1998 Tour de Langkawi team Mróz']], [[7, '1998 Tour de Langkawi team Australia']], [[8, '1998 Tour de Langkawi team Indonesia']], [[9, '1998 Tour de Langkawi team Malaysia']]]	0	1
set	P54	1998 Tour de Langkawi is a member of which teams?	[]	[]	[[[0, '1998 Tour de Langkawi team Malaysia']], [[1, '1998 Tour de Langkawi team Philippines']]]	1	1
set	P54	FIFA World Cup is a member of which teams?	['Bulgaria']	[[9]]	[[[0, 'AFC Asian Cup team Australia']], [[2, '1998 Tour de Langkawi team Australia']], [[4, 'AFC Asian Cup team Uzbekistan']], [[6, 'AFC Asian Cup team India']], [[9, 'FIFA World Cup team Bulgaria']]]	1	1
bool	P54	Does AFC Asian Cup play for Malaysia?	[]	[]	[[[0, 'AFC Asian Cup team Australia']]]	1	1
count	P54	How many teams has 1998 Tour de Langkawi played for?	[4]	[[0, 2], [1], [5, 6], [9]]	[[[0, '1998 Tour de Kingdom of Denmark']], [[1, '1998 Tour de Langkawi team Philippines']], [[2, '1998 Tour de Kingdom of Denmark']], [[5, '1998 Tour de Langkawi team Malaysia']], [[6, '1998 Tour de Langkawi team Malaysia']], [[8, 'UEFA Euro 2016 team England']], [[9, '1998 Tour de Langkawi team South Africa']]]	0	1
min/max	P54	Who has played for the highest number of teams?	['1998 Tour de Langkawi']	[[0, 1], [2], [3], [7], [8]]	[[[0, 'Red Bull RB3 team Red Bull Racing']], [[1, 'Red Bull RB3 team Red Bull Racing']], [[4, 'AFC Asian Cup team Bahrain']], [[6, 'AFC Asian Cup team India']], [[7, 'FIFA World Cup team Uruguay']], [[8, 'AFC Asian Cup team Australia']], [[0, 'Red Bull RB3 team Red Bull Racing'], [1, 'Red Bull RB3 team Red Bull Racing']], [[4, 'AFC Asian Cup team Bahrain'], [5, 'AFC Asian Cup team Japan']], [[4, 'AFC Asian Cup team Bahrain'], [6, 'AFC Asian Cup team India']], [[4, 'AFC Asian Cup team Bahrain'], [8, 'AFC Asian Cup team Australia']], [[6, 'AFC Asian Cup team India'], [5, 'AFC Asian Cup team Japan']], [[6, 'AFC Asian Cup team India'], [8, 'AFC Asian Cup team Australia']], [[7, 'FIFA World Cup team Uruguay'], [0, 'Red Bull RB3 team Red Bull Racing']], [[7, 'FIFA World Cup team Uruguay'], [1, 'Red Bull RB3 team Red Bull Racing']], [[7, 'FIFA World Cup team Uruguay'], [6, 'AFC Asian Cup team India']], [[7, 'FIFA World Cup team Uruguay'], [8, 'AFC Asian Cup team Australia']], [[8, 'AFC Asian Cup team Australia'], [5, 'AFC Asian Cup team Japan']]]	0	1
set	P54	Who plays for Bahrain?	['AFC Asian Cup']	[[4]]	[[[4, 'AFC Asian Cup team Bahrain']], [[4, 'AFC Asian Cup team Bahrain'], [5, 'AFC Asian Cup team Japan']], [[4, 'AFC Asian Cup team Bahrain'], [6, 'AFC Asian Cup team India']], [[4, 'AFC Asian Cup team Bahrain'], [8, 'AFC Asian Cup team Australia']]]	1	1
count	P54	How many teams has AFC Asian Cup played for?	[2]	[[4], [8]]	[[[4, 'AFC Asian Cup team Bahrain']], [[5, 'AFC Asian Cup team Japan']], [[6, 'AFC Asian Cup team India']], [[8, 'AFC Asian Cup team Australia']], [[4, 'AFC Asian Cup team Bahrain'], [6, 'AFC Asian Cup team India']], [[4, 'AFC Asian Cup team Bahrain'], [8, 'AFC Asian Cup team Australia']], [[5, 'AFC Asian Cup team Japan'], [6, 'AFC Asian Cup team India']], [[5, 'AFC Asian Cup team Japan'], [8, 'AFC Asian Cup team Australia']], [[6, 'AFC Asian Cup team India'], [8, 'AFC Asian Cup team Australia']]]	1	1
bool	P54	Is AFC Asian Cup part of San Francisco 49ers?	['FALSE']	[[5]]	[[[2, 'Atlanta Falcons team San Francisco 49ers']], [[5, 'AFC Asian Cup team Israel']]]	1	1
bool	P54	Is 1998 Tour de Langkawi a member of San Francisco 49ers?	['FALSE']	[[0]]	[[], [[0, '1998 Tour de Langkawi team Australia']], [[1, '1998 Tour de Langkawi team China']], [[3, 'Red Bull RB3 team Red Bull Racing']], [[0, '1998 Tour de Langkawi team Australia'], [3, 'Red Bull RB3 team Red Bull Racing']], [[1, '1998 Tour de Langkawi team China'], [3, 'Red Bull RB3 team Red Bull Racing']]]	1	1
min/max	P54	Who has played for the most teams?	['AFC Asian Cup']	[[8]]	[[[2, 'Atlanta Falcons team San Francisco 49ers']], [[3, 'Red Bull RB3 team Red Bull Racing']], [[5, 'AFC Asian Cup team Israel']], [[5, 'AFC Asian Cup team Israel'], [8, 'AFC Asian Cup team Japan']]]	0	1
bool	P54	Is AFC Asian Cup a member of Australia?	['FALSE']	[[8]]	[[[5, 'AFC Asian Cup team Israel']], [[8, 'AFC Asian Cup team Japan']]]	1	1
bool	P54	Is 1998 Tour de Langkawi a member of China?	[]	[]	[[[0, '1998 Tour de Langkawi team Australia']], [[1, '1998 Tour de Langkawi team China']]]	1	1
set	P118	Who participates in League?	['FC Spartak Varna']	None	[[]]	0	0
bool	P54	Is 1998 Tour de Langkawi a member of Japan?	['FALSE']	[[1]]	[[[0, '1998 Tour de Langkawi team Australia']], [[1, '1998 Tour de Langkawi team China']], [[8, 'AFC Asian Cup team Japan']], [[8, 'AFC Asian Cup team Japan'], [0, '1998 Tour de Langkawi team Australia']]]	1	1
min/max	P54	Who has played for the least teams?	['1998 Tour de Langkawi', 'Red Bull RB3']	[[1], [3], [5], [9]]	[[[2, 'Atlanta Falcons team San Francisco 49ers']], [[5, 'AFC Asian Cup team Israel']], [[9, 'AFC Asian Cup team South Korea']], [[5, 'AFC Asian Cup team Israel'], [3, 'Red Bull RB3 team Red Bull Racing']], [[5, 'AFC Asian Cup team Israel'], [8, 'AFC Asian Cup team Japan']]]	0	1
bool	P54	Is AFC Asian Cup a member of Japan?	['TRUE']	[[8]]	[[[5, 'AFC Asian Cup team Israel']], [[8, 'AFC Asian Cup team Japan']], [[9, 'AFC Asian Cup team South Korea']], [[5, 'AFC Asian Cup team Israel'], [8, 'AFC Asian Cup team Japan']]]	1	1
bool	P54	Is 1998 Tour de Langkawi a member of China?	['TRUE']	[[1]]	[[[0, '1998 Tour de Langkawi team Australia']], [[1, '1998 Tour de Langkawi team China']]]	1	1
set	P54	Who is a member of United States?	[]	None	[[]]	0	0
min/max	P54	Who has played for the fewest teams?	['Ýokary Liga']	[[1], [2], [3], [4]]	[[[2, 'FIFA World Cup team Belgium']], [[3, 'FIFA World Cup team Portugal']], [[4, 'FIFA World Cup team Sweden']], [[2, 'FIFA World Cup team Belgium'], [3, 'FIFA World Cup team Portugal']], [[2, 'FIFA World Cup team Belgium'], [4, 'FIFA World Cup team Sweden']], [[3, 'FIFA World Cup team Portugal'], [4, 'FIFA World Cup team Sweden']]]	0	1
set	P54	List teams FIFA World Cup plays for	['Argentina', 'Portugal', 'Brazil', 'Belgium']	[[2], [3], [6], [7, 8]]	[[[6, 'FIFA World Cup team Brazil']], [[2, 'FIFA World Cup team Belgium'], [3, 'FIFA World Cup team Portugal']], [[2, 'FIFA World Cup team Belgium'], [4, 'FIFA World Cup team Sweden']], [[2, 'FIFA World Cup team Belgium'], [6, 'FIFA World Cup team Brazil']], [[2, 'FIFA World Cup team Belgium'], [7, 'FIFA World Cup team Argentina']], [[2, 'FIFA World Cup team Belgium'], [8, 'FIFA World Cup team Argentina']], [[3, 'FIFA World Cup team Portugal'], [4, 'FIFA World Cup team Sweden']], [[3, 'FIFA World Cup team Portugal'], [6, 'FIFA World Cup team Brazil']], [[3, 'FIFA World Cup team Portugal'], [7, 'FIFA World Cup team Argentina']], [[3, 'FIFA World Cup team Portugal'], [8, 'FIFA World Cup team Argentina']], [[4, 'FIFA World Cup team Sweden'], [6, 'FIFA World Cup team Brazil']], [[4, 'FIFA World Cup team Sweden'], [7, 'FIFA World Cup team Argentina']], [[4, 'FIFA World Cup team Sweden'], [8, 'FIFA World Cup team Argentina']], [[6, 'FIFA World Cup team Brazil'], [7, 'FIFA World Cup team Argentina']], [[6, 'FIFA World Cup team Brazil'], [8, 'FIFA World Cup team Argentina']], [[7, 'FIFA World Cup team Argentina'], [8, 'FIFA World Cup team Argentina']]]	0	1
set	P54	List teams FIFA World Cup plays for	['Portugal', 'Brazil', 'Belgium']	[[2], [3], [6]]	[[[6, 'FIFA World Cup team Brazil']], [[2, 'FIFA World Cup team Belgium'], [3, 'FIFA World Cup team Portugal']], [[2, 'FIFA World Cup team Belgium'], [4, 'FIFA World Cup team Sweden']], [[2, 'FIFA World Cup team Belgium'], [6, 'FIFA World Cup team Brazil']], [[2, 'FIFA World Cup team Belgium'], [7, 'FIFA World Cup team Argentina']], [[3, 'FIFA World Cup team Portugal'], [4, 'FIFA World Cup team Sweden']], [[3, 'FIFA World Cup team Portugal'], [6, 'FIFA World Cup team Brazil']], [[3, 'FIFA World Cup team Portugal'], [7, 'FIFA World Cup team Argentina']], [[4, 'FIFA World Cup team Sweden'], [6, 'FIFA World Cup team Brazil']], [[4, 'FIFA World Cup team Sweden'], [7, 'FIFA World Cup team Argentina']], [[6, 'FIFA World Cup team Brazil'], [7, 'FIFA World Cup team Argentina']]]	0	1
bool	P54	Does FIFA World Cup play for Argentina?	[]	[]	[[[2, 'FIFA World Cup team Belgium']], [[3, 'FIFA World Cup team Portugal']], [[3, 'FIFA World Cup team Portugal'], [2, 'FIFA World Cup team Belgium']]]	1	1
count	P54	How many people play for Italy?	[1]	None	[[]]	0	0
count	P118	How many participants are there in fall?	[]	None	[[]]	0	0
min/max	P54	Who has played for the least teams?	['FIFA World Cup']	[[1], [2], [7]]	[[[0, 'FIFA World Cup team Brazil']], [[1, 'FIFA World Cup team Sweden']], [[2, 'FIFA World Cup team Italy']], [[3, 'FIFA World Cup team Netherlands']], [[7, 'FIFA World Cup team South Korea']], [[0, 'FIFA World Cup team Brazil'], [1, 'FIFA World Cup team Sweden']], [[0, 'FIFA World Cup team Brazil'], [2, 'FIFA World Cup team Italy']], [[0, 'FIFA World Cup team Brazil'], [3, 'FIFA World Cup team Netherlands']], [[0, 'FIFA World Cup team Brazil'], [7, 'FIFA World Cup team South Korea']], [[1, 'FIFA World Cup team Sweden'], [2, 'FIFA World Cup team Italy']], [[1, 'FIFA World Cup team Sweden'], [3, 'FIFA World Cup team Netherlands']], [[1, 'FIFA World Cup team Sweden'], [7, 'FIFA World Cup team South Korea']], [[2, 'FIFA World Cup team Italy'], [3, 'FIFA World Cup team Netherlands']], [[2, 'FIFA World Cup team Italy'], [7, 'FIFA World Cup team South Korea']], [[3, 'FIFA World Cup team Netherlands'], [7, 'FIFA World Cup team South Korea']]]	1	1
min/max	P54	Which team has the lowest number of players?	['Sweden', 'Athletic Bilbao', 'Brazil', 'Argentina', 'Chile', 'Valencia']	None	[[]]	0	0
bool	P54	Is FIFA World Cup part of Valencia?	['FALSE']	[[0], [1], [4, 6]]	[[[0, 'FIFA World Cup team Turkey']], [[1, 'FIFA World Cup team Sweden']], [[3, 'FIFA World Cup team Brazil']], [[4, 'FIFA World Cup team Argentina']], [[5, 'FIFA World Cup team Chile']], [[6, 'FIFA World Cup team Argentina']], [[9, 'UEFA Euro 2016 team Turkey']]]	0	1
min/max	P54	Who has played for the fewest teams?	['FIFA World Cup']	[[3], [8], [9]]	[[[0, 'FIFA World Cup team Uruguay']], [[1, 'Atlanta Falcons team Carolina Panthers']], [[3, 'FIFA World Cup team Sweden']], [[5, 'FIFA World Cup team Belgium']], [[6, 'FIFA World Cup team Italy']], [[0, 'FIFA World Cup team Uruguay'], [3, 'FIFA World Cup team Sweden']], [[0, 'FIFA World Cup team Uruguay'], [5, 'FIFA World Cup team Belgium']], [[0, 'FIFA World Cup team Uruguay'], [6, 'FIFA World Cup team Italy']], [[1, 'Atlanta Falcons team Carolina Panthers'], [5, 'FIFA World Cup team Belgium']], [[1, 'Atlanta Falcons team Carolina Panthers'], [6, 'FIFA World Cup team Italy']], [[3, 'FIFA World Cup team Sweden'], [5, 'FIFA World Cup team Belgium']], [[3, 'FIFA World Cup team Sweden'], [6, 'FIFA World Cup team Italy']], [[5, 'FIFA World Cup team Belgium'], [6, 'FIFA World Cup team Italy']]]	0	1
set	P54	List teams Ýokary Liga plays for	['Nisa Aşgabat']	None	[]	0	0
set	P54	List teams FIFA World Cup plays for	['Sweden', 'Uruguay', 'Belgium']	[[0], [3], [5]]	[[[0, 'FIFA World Cup team Uruguay'], [3, 'FIFA World Cup team Sweden']], [[0, 'FIFA World Cup team Uruguay'], [5, 'FIFA World Cup team Belgium']], [[0, 'FIFA World Cup team Uruguay'], [6, 'FIFA World Cup team Italy']], [[3, 'FIFA World Cup team Sweden'], [5, 'FIFA World Cup team Belgium']], [[3, 'FIFA World Cup team Sweden'], [6, 'FIFA World Cup team Italy']], [[5, 'FIFA World Cup team Belgium'], [6, 'FIFA World Cup team Italy']]]	0	1
set	P118	Who plays in fall?	[]	None	[[]]	0	0
count	P54	How many people play for Athletic Bilbao?	[1]	None	[[]]	0	0
count	P54	How many people play for United States?	[]	None	[[]]	0	0
set	P54	FIFA World Cup is a member of which teams?	['Chile', 'South Korea', 'Austria', 'Bulgaria', 'England']	[[0], [2], [3], [4], [8]]	[[[0, 'FIFA World Cup team England']], [[2, 'FIFA World Cup team South Korea']], [[3, 'FIFA World Cup team Bulgaria']], [[4, 'FIFA World Cup team Chile']], [[7, 'FIFA World Cup team United States']], [[8, 'FIFA World Cup team Austria']], [[0, 'FIFA World Cup team England'], [8, 'FIFA World Cup team Austria']], [[2, 'FIFA World Cup team South Korea'], [8, 'FIFA World Cup team Austria']], [[3, 'FIFA World Cup team Bulgaria'], [8, 'FIFA World Cup team Austria']], [[4, 'FIFA World Cup team Chile'], [8, 'FIFA World Cup team Austria']], [[7, 'FIFA World Cup team United States'], [8, 'FIFA World Cup team Austria']]]	1	1
min/max	P118	Who has played for the most leagues?	['Indiana']	None	[[[0, 'FIFA World Cup team England']], [[2, 'FIFA World Cup team South Korea']], [[3, 'FIFA World Cup team Bulgaria']], [[7, 'FIFA World Cup team United States']], [[0, 'FIFA World Cup team England'], [2, 'FIFA World Cup team South Korea']], [[0, 'FIFA World Cup team England'], [3, 'FIFA World Cup team Bulgaria']], [[0, 'FIFA World Cup team England'], [4, 'FIFA World Cup team Chile']], [[0, 'FIFA World Cup team England'], [7, 'FIFA World Cup team United States']], [[2, 'FIFA World Cup team South Korea'], [7, 'FIFA World Cup team United States']], [[3, 'FIFA World Cup team Bulgaria'], [2, 'FIFA World Cup team South Korea']], [[3, 'FIFA World Cup team Bulgaria'], [4, 'FIFA World Cup team Chile']], [[3, 'FIFA World Cup team Bulgaria'], [7, 'FIFA World Cup team United States']], [[7, 'FIFA World Cup team United States'], [4, 'FIFA World Cup team Chile']]]	0	0
bool	P54	Is FIFA World Cup a member of United States?	['TRUE']	[[7]]	[[], [[0, 'FIFA World Cup team England']], [[2, 'FIFA World Cup team South Korea']], [[3, 'FIFA World Cup team Bulgaria']], [[4, 'FIFA World Cup team Chile']], [[7, 'FIFA World Cup team United States']], [[8, 'FIFA World Cup team Austria']], [[0, 'FIFA World Cup team England'], [8, 'FIFA World Cup team Austria']], [[2, 'FIFA World Cup team South Korea'], [8, 'FIFA World Cup team Austria']], [[3, 'FIFA World Cup team Bulgaria'], [8, 'FIFA World Cup team Austria']], [[4, 'FIFA World Cup team Chile'], [0, 'FIFA World Cup team England']], [[4, 'FIFA World Cup team Chile'], [7, 'FIFA World Cup team United States']], [[4, 'FIFA World Cup team Chile'], [8, 'FIFA World Cup team Austria']], [[7, 'FIFA World Cup team United States'], [8, 'FIFA World Cup team Austria']]]	1	1
bool	P54	Does FIFA World Cup play for Türkmenabat?	['FALSE']	[[0], [2], [3], [4]]	[[[0, 'FIFA World Cup team England']], [[2, 'FIFA World Cup team South Korea']], [[3, 'FIFA World Cup team Bulgaria']], [[4, 'FIFA World Cup team Chile']]]	1	1
count	P54	How many teams has FC Girondins de Bordeaux played for?	[1]	[[4]]	[[[4, 'FC Girondins de Bordeaux team Lille']], [[5, 'FC Girondins de Bordeaux team Strasbourg']], [[8, 'FIFA World Cup team Belgium']], [[8, 'FIFA World Cup team Belgium'], [7, 'FIFA World Cup team England']]]	1	1
count	P118	How many participants are there in fall?	[1]	None	[[]]	0	0
set	P54	List teams FIFA World Cup plays for	['Bulgaria', 'United States', 'Croatia']	[[0], [1], [3]]	[[[0, 'FIFA World Cup team Croatia']], [[1, 'FIFA World Cup team United States']], [[0, 'FIFA World Cup team Croatia'], [1, 'FIFA World Cup team United States']], [[0, 'FIFA World Cup team Croatia'], [3, 'FIFA World Cup team Bulgaria']], [[0, 'FIFA World Cup team Croatia'], [4, 'FIFA World Cup team Sweden']], [[1, 'FIFA World Cup team United States'], [3, 'FIFA World Cup team Bulgaria']], [[1, 'FIFA World Cup team United States'], [4, 'FIFA World Cup team Sweden']], [[3, 'FIFA World Cup team Bulgaria'], [4, 'FIFA World Cup team Sweden']]]	0	1
min/max	P54	Who has played for the most number of teams?	['FIFA World Cup']	[[1], [3], [6]]	[[[0, 'FIFA World Cup team Croatia']], [[1, 'FIFA World Cup team United States']], [[3, 'FIFA World Cup team Bulgaria']], [[4, 'FIFA World Cup team Sweden']], [[5, 'FIFA World Cup team Turkey']], [[6, 'FIFA World Cup team Poland']], [[9, 'FIFA World Cup team England']], [[0, 'FIFA World Cup team Croatia'], [1, 'FIFA World Cup team United States']], [[0, 'FIFA World Cup team Croatia'], [3, 'FIFA World Cup team Bulgaria']], [[0, 'FIFA World Cup team Croatia'], [4, 'FIFA World Cup team Sweden']], [[0, 'FIFA World Cup team Croatia'], [5, 'FIFA World Cup team Turkey']], [[0, 'FIFA World Cup team Croatia'], [6, 'FIFA World Cup team Poland']], [[0, 'FIFA World Cup team Croatia'], [9, 'FIFA World Cup team England']], [[1, 'FIFA World Cup team United States'], [3, 'FIFA World Cup team Bulgaria']], [[1, 'FIFA World Cup team United States'], [4, 'FIFA World Cup team Sweden']], [[1, 'FIFA World Cup team United States'], [5, 'FIFA World Cup team Turkey']], [[1, 'FIFA World Cup team United States'], [6, 'FIFA World Cup team Poland']], [[1, 'FIFA World Cup team United States'], [9, 'FIFA World Cup team England']], [[3, 'FIFA World Cup team Bulgaria'], [4, 'FIFA World Cup team Sweden']], [[3, 'FIFA World Cup team Bulgaria'], [5, 'FIFA World Cup team Turkey']], [[3, 'FIFA World Cup team Bulgaria'], [6, 'FIFA World Cup team Poland']], [[3, 'FIFA World Cup team Bulgaria'], [9, 'FIFA World Cup team England']], [[4, 'FIFA World Cup team Sweden'], [5, 'FIFA World Cup team Turkey']], [[4, 'FIFA World Cup team Sweden'], [6, 'FIFA World Cup team Poland']], [[4, 'FIFA World Cup team Sweden'], [9, 'FIFA World Cup team England']], [[5, 'FIFA World Cup team Turkey'], [6, 'FIFA World Cup team Poland']], [[5, 'FIFA World Cup team Turkey'], [9, 'FIFA World Cup team England']], [[6, 'FIFA World Cup team Poland'], [9, 'FIFA World Cup team England']]]	1	1
bool	P54	Is FIFA World Cup a member of FC Aşgabat?	['FALSE']	[[1]]	[[], [[0, 'FIFA World Cup team Croatia']], [[1, 'FIFA World Cup team United States']], [[3, 'FIFA World Cup team Bulgaria']]]	1	1
min/max	P118	What league has the fewest participants?	['zone 1']	None	[[[5, 'FIFA World Cup team Croatia']], [[5, 'FIFA World Cup team Croatia'], [1, 'FIFA World Cup team Brazil']]]	0	0
bool	P54	Is FIFA World Cup part of Croatia?	['TRUE']	[[5]]	[[], [[0, 'FIFA World Cup team England']], [[2, 'FIFA World Cup team Bulgaria']], [[3, 'FIFA World Cup team Netherlands']], [[4, 'FIFA World Cup team Italy']], [[5, 'FIFA World Cup team Croatia']], [[6, 'FIFA World Cup team Turkey']], [[7, '2010 FIFA World Cup team Cameroon']]]	1	1
count	P118	How many people play in National Basketball Association?	[]	None	[[]]	0	0
count	P54	How many people play for Italy?	[1]	None	[[]]	0	0
min/max	P54	What is the smallest team?	['Turkey', 'Argentina', 'Algeria', 'Yoshihiro Saito', 'Rijeka']	None	[[]]	0	0
min/max	P54	Who has played for the least number of different teams?	['AIK Fotboll']	[[2], [5], [8]]	[[[0, 'FIFA World Cup team Turkey']], [[1, 'FIFA World Cup team Argentina']], [[3, '2010 FIFA World Cup team Algeria']], [[5, 'FIFA World Cup team Portugal']], [[8, 'FIFA World Cup team Austria']], [[0, 'FIFA World Cup team Turkey'], [1, 'FIFA World Cup team Argentina']], [[0, 'FIFA World Cup team Turkey'], [5, 'FIFA World Cup team Portugal']], [[0, 'FIFA World Cup team Turkey'], [8, 'FIFA World Cup team Austria']], [[1, 'FIFA World Cup team Argentina'], [5, 'FIFA World Cup team Portugal']], [[1, 'FIFA World Cup team Argentina'], [8, 'FIFA World Cup team Austria']], [[3, '2010 FIFA World Cup team Algeria'], [5, 'FIFA World Cup team Portugal']], [[3, '2010 FIFA World Cup team Algeria'], [8, 'FIFA World Cup team Austria']], [[5, 'FIFA World Cup team Portugal'], [8, 'FIFA World Cup team Austria']]]	0	1
min/max	P54	Who has played for the most number of teams?	['2010 FIFA World Cup', '1997 World Artistic Gymnastics Championships', 'FIFA World Cup', 'FC Girondins de Bordeaux']	[[3], [4], [5], [9]]	[[[0, 'FIFA World Cup team Turkey']], [[1, 'FIFA World Cup team Argentina']], [[3, '2010 FIFA World Cup team Algeria']], [[5, 'FIFA World Cup team Portugal']], [[8, 'FIFA World Cup team Austria']], [[0, 'FIFA World Cup team Turkey'], [1, 'FIFA World Cup team Argentina']], [[0, 'FIFA World Cup team Turkey'], [3, '2010 FIFA World Cup team Algeria']], [[0, 'FIFA World Cup team Turkey'], [5, 'FIFA World Cup team Portugal']], [[0, 'FIFA World Cup team Turkey'], [8, 'FIFA World Cup team Austria']], [[1, 'FIFA World Cup team Argentina'], [5, 'FIFA World Cup team Portugal']], [[1, 'FIFA World Cup team Argentina'], [8, 'FIFA World Cup team Austria']], [[3, '2010 FIFA World Cup team Algeria'], [5, 'FIFA World Cup team Portugal']], [[3, '2010 FIFA World Cup team Algeria'], [8, 'FIFA World Cup team Austria']], [[5, 'FIFA World Cup team Portugal'], [8, 'FIFA World Cup team Austria']]]	0	1
min/max	P54	Who has played for the most number of teams?	['2010 FIFA World Cup', '1997 World Artistic Gymnastics Championships', 'FIFA World Cup']	[[3], [4], [5]]	[[[0, 'FIFA World Cup team Turkey']], [[1, 'FIFA World Cup team Argentina']], [[3, '2010 FIFA World Cup team Algeria']], [[5, 'FIFA World Cup team Portugal']], [[8, 'FIFA World Cup team Austria']], [[0, 'FIFA World Cup team Turkey'], [1, 'FIFA World Cup team Argentina']], [[0, 'FIFA World Cup team Turkey'], [3, '2010 FIFA World Cup team Algeria']], [[0, 'FIFA World Cup team Turkey'], [5, 'FIFA World Cup team Portugal']], [[0, 'FIFA World Cup team Turkey'], [8, 'FIFA World Cup team Austria']], [[1, 'FIFA World Cup team Argentina'], [5, 'FIFA World Cup team Portugal']], [[1, 'FIFA World Cup team Argentina'], [8, 'FIFA World Cup team Austria']], [[3, '2010 FIFA World Cup team Algeria'], [5, 'FIFA World Cup team Portugal']], [[3, '2010 FIFA World Cup team Algeria'], [8, 'FIFA World Cup team Austria']], [[5, 'FIFA World Cup team Portugal'], [8, 'FIFA World Cup team Austria']]]	0	1
set	P54	FIFA World Cup is a member of which teams?	['Croatia', 'Argentina', 'Turkey']	[[4], [8], [9]]	[[[0, 'FIFA World Cup team Brazil']], [[1, 'UEFA Euro 2016 team Poland']], [[2, 'FIFA World Cup team Uruguay']], [[3, 'FIFA World Cup team Italy']], [[4, 'FIFA World Cup team Turkey']], [[5, 'FIFA World Cup team Bulgaria']], [[6, 'FIFA World Cup team Brazil']], [[7, 'FIFA World Cup team Uruguay']], [[8, 'FIFA World Cup team Croatia']], [[9, 'FIFA World Cup team Argentina']], [[0, 'FIFA World Cup team Brazil'], [8, 'FIFA World Cup team Croatia']], [[1, 'UEFA Euro 2016 team Poland'], [0, 'FIFA World Cup team Brazil']], [[1, 'UEFA Euro 2016 team Poland'], [3, 'FIFA World Cup team Italy']], [[1, 'UEFA Euro 2016 team Poland'], [5, 'FIFA World Cup team Bulgaria']], [[1, 'UEFA Euro 2016 team Poland'], [6, 'FIFA World Cup team Brazil']], [[1, 'UEFA Euro 2016 team Poland'], [8, 'FIFA World Cup team Croatia']], [[2, 'FIFA World Cup team Uruguay'], [8, 'FIFA World Cup team Croatia']], [[4, 'FIFA World Cup team Turkey'], [8, 'FIFA World Cup team Croatia']], [[6, 'FIFA World Cup team Brazil'], [8, 'FIFA World Cup team Croatia']], [[7, 'FIFA World Cup team Uruguay'], [8, 'FIFA World Cup team Croatia']], [[9, 'FIFA World Cup team Argentina'], [8, 'FIFA World Cup team Croatia']]]	1	1
bool	P54	Is FIFA World Cup part of Bulgaria?	[]	None	[[], [[0, 'FIFA World Cup team Brazil']], [[1, 'UEFA Euro 2016 team Poland']], [[2, 'FIFA World Cup team Uruguay']], [[3, 'FIFA World Cup team Italy']]]	0	0
min/max	P54	What is the smallest team?	['Poland', 'Italy', 'Turkey']	None	[[]]	0	0
min/max	P54	Who has played for the fewest teams?	['FIFA World Cup']	[[0, 6], [2, 7], [5]]	[[[0, 'FIFA World Cup team Brazil']], [[1, 'UEFA Euro 2016 team Poland']], [[2, 'FIFA World Cup team Uruguay']], [[3, 'FIFA World Cup team Italy']], [[4, 'FIFA World Cup team Turkey']], [[5, 'FIFA World Cup team Bulgaria']], [[6, 'FIFA World Cup team Brazil']], [[7, 'FIFA World Cup team Uruguay']], [[8, 'FIFA World Cup team Croatia']], [[0, 'FIFA World Cup team Brazil'], [2, 'FIFA World Cup team Uruguay']], [[0, 'FIFA World Cup team Brazil'], [3, 'FIFA World Cup team Italy']], [[0, 'FIFA World Cup team Brazil'], [4, 'FIFA World Cup team Turkey']], [[0, 'FIFA World Cup team Brazil'], [5, 'FIFA World Cup team Bulgaria']], [[0, 'FIFA World Cup team Brazil'], [6, 'FIFA World Cup team Brazil']], [[0, 'FIFA World Cup team Brazil'], [7, 'FIFA World Cup team Uruguay']], [[0, 'FIFA World Cup team Brazil'], [8, 'FIFA World Cup team Croatia']], [[1, 'UEFA Euro 2016 team Poland'], [0, 'FIFA World Cup team Brazil']], [[1, 'UEFA Euro 2016 team Poland'], [3, 'FIFA World Cup team Italy']], [[1, 'UEFA Euro 2016 team Poland'], [4, 'FIFA World Cup team Turkey']], [[1, 'UEFA Euro 2016 team Poland'], [5, 'FIFA World Cup team Bulgaria']], [[1, 'UEFA Euro 2016 team Poland'], [6, 'FIFA World Cup team Brazil']], [[1, 'UEFA Euro 2016 team Poland'], [8, 'FIFA World Cup team Croatia']], [[2, 'FIFA World Cup team Uruguay'], [1, 'UEFA Euro 2016 team Poland']], [[2, 'FIFA World Cup team Uruguay'], [3, 'FIFA World Cup team Italy']], [[2, 'FIFA World Cup team Uruguay'], [4, 'FIFA World Cup team Turkey']], [[2, 'FIFA World Cup team Uruguay'], [5, 'FIFA World Cup team Bulgaria']], [[2, 'FIFA World Cup team Uruguay'], [6, 'FIFA World Cup team Brazil']], [[2, 'FIFA World Cup team Uruguay'], [7, 'FIFA World Cup team Uruguay']], [[2, 'FIFA World Cup team Uruguay'], [8, 'FIFA World Cup team Croatia']], [[3, 'FIFA World Cup team Italy'], [4, 'FIFA World Cup team Turkey']], [[3, 'FIFA World Cup team Italy'], [5, 'FIFA World Cup team Bulgaria']], [[3, 'FIFA World Cup team Italy'], [6, 'FIFA World Cup team Brazil']], [[3, 'FIFA World Cup team Italy'], [8, 'FIFA World Cup team Croatia']], [[4, 'FIFA World Cup team Turkey'], [5, 'FIFA World Cup team Bulgaria']], [[4, 'FIFA World Cup team Turkey'], [6, 'FIFA World Cup team Brazil']], [[4, 'FIFA World Cup team Turkey'], [7, 'FIFA World Cup team Uruguay']], [[4, 'FIFA World Cup team Turkey'], [8, 'FIFA World Cup team Croatia']], [[5, 'FIFA World Cup team Bulgaria'], [6, 'FIFA World Cup team Brazil']], [[5, 'FIFA World Cup team Bulgaria'], [8, 'FIFA World Cup team Croatia']], [[6, 'FIFA World Cup team Brazil'], [7, 'FIFA World Cup team Uruguay']], [[6, 'FIFA World Cup team Brazil'], [8, 'FIFA World Cup team Croatia']], [[7, 'FIFA World Cup team Uruguay'], [1, 'UEFA Euro 2016 team Poland']], [[7, 'FIFA World Cup team Uruguay'], [3, 'FIFA World Cup team Italy']], [[7, 'FIFA World Cup team Uruguay'], [5, 'FIFA World Cup team Bulgaria']], [[7, 'FIFA World Cup team Uruguay'], [8, 'FIFA World Cup team Croatia']]]	1	1
set	P54	FIFA World Cup is a member of which teams?	['South Korea', 'Netherlands', 'Belgium', 'Italy']	[[2], [5], [7], [9]]	[[[0, 'FIFA World Cup team England']], [[2, 'FIFA World Cup team South Korea']], [[3, 'FIFA World Cup team Portugal']], [[5, 'FIFA World Cup team Italy']], [[7, 'FIFA World Cup team Belgium']], [[9, 'FIFA World Cup team Netherlands']]]	1	1
set	P54	Who plays for Argentina?	['FIFA World Cup']	[[0]]	[[[0, 'FIFA World Cup team Argentina']], [[0, 'FIFA World Cup team Argentina'], [6, 'UEFA Euro 2016 team Romania']], [[0, 'FIFA World Cup team Argentina'], [8, 'FIFA World Cup team Austria']], [[0, 'FIFA World Cup team Argentina'], [9, 'UEFA Euro 2016 team Romania']]]	1	1
bool	P54	Is FIFA World Cup part of Argentina?	['TRUE']	[[0]]	[[[0, 'FIFA World Cup team Argentina']], [[6, 'UEFA Euro 2016 team Romania']], [[8, 'FIFA World Cup team Austria']], [[9, 'UEFA Euro 2016 team Romania']], [[0, 'FIFA World Cup team Argentina'], [8, 'FIFA World Cup team Austria']], [[6, 'UEFA Euro 2016 team Romania'], [8, 'FIFA World Cup team Austria']], [[9, 'UEFA Euro 2016 team Romania'], [8, 'FIFA World Cup team Austria']]]	1	1
min/max	P118	What league has the fewest participants?	[]	[]	[[[0, 'FIFA World Cup team Belgium']], [[1, 'FIFA World Cup team Croatia']], [[0, 'FIFA World Cup team Belgium'], [1, 'FIFA World Cup team Croatia']]]	1	1
min/max	P54	Who has played for the fewest teams?	['Cypriot First Division']	[[4], [5], [9]]	[[[0, 'FIFA World Cup team Belgium']], [[1, 'FIFA World Cup team Croatia']], [[2, 'FIFA World Cup team Sweden']], [[3, 'FIFA World Cup team Hungary']], [[4, 'FIFA World Cup team South Korea']], [[5, 'FIFA World Cup team Austria']], [[6, 'FIFA World Cup team Brazil']], [[8, 'FIFA World Cup team Bulgaria']], [[0, 'FIFA World Cup team Belgium'], [1, 'FIFA World Cup team Croatia']], [[0, 'FIFA World Cup team Belgium'], [2, 'FIFA World Cup team Sweden']], [[0, 'FIFA World Cup team Belgium'], [3, 'FIFA World Cup team Hungary']], [[0, 'FIFA World Cup team Belgium'], [4, 'FIFA World Cup team South Korea']], [[0, 'FIFA World Cup team Belgium'], [5, 'FIFA World Cup team Austria']], [[0, 'FIFA World Cup team Belgium'], [6, 'FIFA World Cup team Brazil']], [[0, 'FIFA World Cup team Belgium'], [8, 'FIFA World Cup team Bulgaria']], [[1, 'FIFA World Cup team Croatia'], [2, 'FIFA World Cup team Sweden']], [[1, 'FIFA World Cup team Croatia'], [3, 'FIFA World Cup team Hungary']], [[1, 'FIFA World Cup team Croatia'], [4, 'FIFA World Cup team South Korea']], [[1, 'FIFA World Cup team Croatia'], [5, 'FIFA World Cup team Austria']], [[1, 'FIFA World Cup team Croatia'], [6, 'FIFA World Cup team Brazil']], [[1, 'FIFA World Cup team Croatia'], [8, 'FIFA World Cup team Bulgaria']], [[2, 'FIFA World Cup team Sweden'], [3, 'FIFA World Cup team Hungary']], [[2, 'FIFA World Cup team Sweden'], [4, 'FIFA World Cup team South Korea']], [[2, 'FIFA World Cup team Sweden'], [5, 'FIFA World Cup team Austria']], [[2, 'FIFA World Cup team Sweden'], [6, 'FIFA World Cup team Brazil']], [[2, 'FIFA World Cup team Sweden'], [8, 'FIFA World Cup team Bulgaria']], [[3, 'FIFA World Cup team Hungary'], [4, 'FIFA World Cup team South Korea']], [[3, 'FIFA World Cup team Hungary'], [5, 'FIFA World Cup team Austria']], [[3, 'FIFA World Cup team Hungary'], [6, 'FIFA World Cup team Brazil']], [[3, 'FIFA World Cup team Hungary'], [8, 'FIFA World Cup team Bulgaria']], [[4, 'FIFA World Cup team South Korea'], [5, 'FIFA World Cup team Austria']], [[4, 'FIFA World Cup team South Korea'], [6, 'FIFA World Cup team Brazil']], [[4, 'FIFA World Cup team South Korea'], [8, 'FIFA World Cup team Bulgaria']], [[5, 'FIFA World Cup team Austria'], [6, 'FIFA World Cup team Brazil']], [[5, 'FIFA World Cup team Austria'], [8, 'FIFA World Cup team Bulgaria']], [[6, 'FIFA World Cup team Brazil'], [8, 'FIFA World Cup team Bulgaria']]]	0	1
count	P54	How many teams has FIFA World Cup played for?	[2]	[[0], [1]]	[[[0, 'FIFA World Cup team Belgium']], [[1, 'FIFA World Cup team Croatia']], [[2, 'FIFA World Cup team Sweden']], [[0, 'FIFA World Cup team Belgium'], [1, 'FIFA World Cup team Croatia']], [[0, 'FIFA World Cup team Belgium'], [2, 'FIFA World Cup team Sweden']], [[1, 'FIFA World Cup team Croatia'], [2, 'FIFA World Cup team Sweden']]]	1	1
count	P54	How many teams has FIFA World Cup played for?	[5]	[[0], [1], [2], [6], [8]]	[[[0, 'FIFA World Cup team Belgium']], [[1, 'FIFA World Cup team Croatia']], [[2, 'FIFA World Cup team Sweden']], [[3, 'FIFA World Cup team Hungary']], [[4, 'FIFA World Cup team South Korea']], [[5, 'FIFA World Cup team Austria']], [[6, 'FIFA World Cup team Brazil']], [[8, 'FIFA World Cup team Bulgaria']], [[0, 'FIFA World Cup team Belgium'], [1, 'FIFA World Cup team Croatia']], [[0, 'FIFA World Cup team Belgium'], [2, 'FIFA World Cup team Sweden']], [[0, 'FIFA World Cup team Belgium'], [3, 'FIFA World Cup team Hungary']], [[0, 'FIFA World Cup team Belgium'], [4, 'FIFA World Cup team South Korea']], [[0, 'FIFA World Cup team Belgium'], [5, 'FIFA World Cup team Austria']], [[0, 'FIFA World Cup team Belgium'], [6, 'FIFA World Cup team Brazil']], [[0, 'FIFA World Cup team Belgium'], [8, 'FIFA World Cup team Bulgaria']], [[1, 'FIFA World Cup team Croatia'], [2, 'FIFA World Cup team Sweden']], [[1, 'FIFA World Cup team Croatia'], [3, 'FIFA World Cup team Hungary']], [[1, 'FIFA World Cup team Croatia'], [5, 'FIFA World Cup team Austria']], [[1, 'FIFA World Cup team Croatia'], [6, 'FIFA World Cup team Brazil']], [[1, 'FIFA World Cup team Croatia'], [8, 'FIFA World Cup team Bulgaria']], [[2, 'FIFA World Cup team Sweden'], [3, 'FIFA World Cup team Hungary']], [[2, 'FIFA World Cup team Sweden'], [4, 'FIFA World Cup team South Korea']], [[2, 'FIFA World Cup team Sweden'], [5, 'FIFA World Cup team Austria']], [[2, 'FIFA World Cup team Sweden'], [6, 'FIFA World Cup team Brazil']], [[2, 'FIFA World Cup team Sweden'], [8, 'FIFA World Cup team Bulgaria']], [[3, 'FIFA World Cup team Hungary'], [4, 'FIFA World Cup team South Korea']], [[3, 'FIFA World Cup team Hungary'], [5, 'FIFA World Cup team Austria']], [[3, 'FIFA World Cup team Hungary'], [6, 'FIFA World Cup team Brazil']], [[3, 'FIFA World Cup team Hungary'], [8, 'FIFA World Cup team Bulgaria']], [[4, 'FIFA World Cup team South Korea'], [1, 'FIFA World Cup team Croatia']], [[4, 'FIFA World Cup team South Korea'], [5, 'FIFA World Cup team Austria']], [[4, 'FIFA World Cup team South Korea'], [6, 'FIFA World Cup team Brazil']], [[5, 'FIFA World Cup team Austria'], [6, 'FIFA World Cup team Brazil']], [[5, 'FIFA World Cup team Austria'], [8, 'FIFA World Cup team Bulgaria']], [[6, 'FIFA World Cup team Brazil'], [8, 'FIFA World Cup team Bulgaria']]]	1	1
bool	P54	Is FIFA World Cup a member of ASIL Lysi?	['FALSE']	[[0], [1], [2], [3], [4], [5], [6], [8]]	[[], [[0, 'FIFA World Cup team Belgium']], [[1, 'FIFA World Cup team Croatia']], [[2, 'FIFA World Cup team Sweden']], [[3, 'FIFA World Cup team Hungary']], [[4, 'FIFA World Cup team South Korea']], [[5, 'FIFA World Cup team Austria']], [[6, 'FIFA World Cup team Brazil']], [[8, 'FIFA World Cup team Bulgaria']], [[0, 'FIFA World Cup team Belgium'], [1, 'FIFA World Cup team Croatia']], [[0, 'FIFA World Cup team Belgium'], [3, 'FIFA World Cup team Hungary']], [[0, 'FIFA World Cup team Belgium'], [5, 'FIFA World Cup team Austria']], [[1, 'FIFA World Cup team Croatia'], [5, 'FIFA World Cup team Austria']], [[2, 'FIFA World Cup team Sweden'], [1, 'FIFA World Cup team Croatia']], [[2, 'FIFA World Cup team Sweden'], [3, 'FIFA World Cup team Hungary']], [[2, 'FIFA World Cup team Sweden'], [5, 'FIFA World Cup team Austria']], [[3, 'FIFA World Cup team Hungary'], [1, 'FIFA World Cup team Croatia']], [[3, 'FIFA World Cup team Hungary'], [5, 'FIFA World Cup team Austria']], [[4, 'FIFA World Cup team South Korea'], [5, 'FIFA World Cup team Austria']], [[6, 'FIFA World Cup team Brazil'], [1, 'FIFA World Cup team Croatia']], [[6, 'FIFA World Cup team Brazil'], [3, 'FIFA World Cup team Hungary']], [[6, 'FIFA World Cup team Brazil'], [5, 'FIFA World Cup team Austria']], [[8, 'FIFA World Cup team Bulgaria'], [1, 'FIFA World Cup team Croatia']], [[8, 'FIFA World Cup team Bulgaria'], [5, 'FIFA World Cup team Austria']]]	1	1
min/max	P54	Who has played for the fewest teams?	['Ýokary Liga']	[[0], [1], [4]]	[[[0, 'FIFA World Cup team Italy']], [[3, 'FIFA World Cup team South Korea']], [[4, 'FIFA World Cup team Netherlands']], [[6, 'UEFA Euro 2016 team Turkey']], [[8, 'FIFA World Cup team Sweden']], [[0, 'FIFA World Cup team Italy'], [3, 'FIFA World Cup team South Korea']], [[0, 'FIFA World Cup team Italy'], [4, 'FIFA World Cup team Netherlands']], [[0, 'FIFA World Cup team Italy'], [8, 'FIFA World Cup team Sweden']], [[3, 'FIFA World Cup team South Korea'], [4, 'FIFA World Cup team Netherlands']], [[3, 'FIFA World Cup team South Korea'], [8, 'FIFA World Cup team Sweden']], [[4, 'FIFA World Cup team Netherlands'], [8, 'FIFA World Cup team Sweden']], [[6, 'UEFA Euro 2016 team Turkey'], [0, 'FIFA World Cup team Italy']], [[6, 'UEFA Euro 2016 team Turkey'], [3, 'FIFA World Cup team South Korea']], [[6, 'UEFA Euro 2016 team Turkey'], [4, 'FIFA World Cup team Netherlands']], [[6, 'UEFA Euro 2016 team Turkey'], [8, 'FIFA World Cup team Sweden']]]	0	1
count	P54	How many teams has Ýokary Liga played for?	[1]	None	[[]]	0	0
bool	P54	Is AIK Fotboll part of Sweden?	[]	None	[[]]	0	0
min/max	P54	Which team has the least players?	['Nisa Aşgabat', 'South Korea', 'Gazojak', 'Turkey', 'Rijeka', 'Sweden', 'FC Ararat-Armenia']	[[2], [3], [5], [6], [7], [8], [9]]	[[[0, 'FIFA World Cup team Italy']], [[3, 'FIFA World Cup team South Korea']], [[4, 'FIFA World Cup team Netherlands']], [[6, 'UEFA Euro 2016 team Turkey']], [[8, 'FIFA World Cup team Sweden']], [[0, 'FIFA World Cup team Italy'], [3, 'FIFA World Cup team South Korea']], [[0, 'FIFA World Cup team Italy'], [4, 'FIFA World Cup team Netherlands']], [[0, 'FIFA World Cup team Italy'], [8, 'FIFA World Cup team Sweden']], [[3, 'FIFA World Cup team South Korea'], [4, 'FIFA World Cup team Netherlands']], [[3, 'FIFA World Cup team South Korea'], [8, 'FIFA World Cup team Sweden']], [[4, 'FIFA World Cup team Netherlands'], [8, 'FIFA World Cup team Sweden']], [[6, 'UEFA Euro 2016 team Turkey'], [0, 'FIFA World Cup team Italy']], [[6, 'UEFA Euro 2016 team Turkey'], [3, 'FIFA World Cup team South Korea']], [[6, 'UEFA Euro 2016 team Turkey'], [4, 'FIFA World Cup team Netherlands']], [[6, 'UEFA Euro 2016 team Turkey'], [8, 'FIFA World Cup team Sweden']]]	0	1
bool	P118	Is Barcelona a participant of zone 1?	['FALSE']	None	[[]]	0	0
count	P54	How many people play for Bulgaria?	[]	None	[[]]	0	0
min/max	P118	Who has played in the fewest leagues?	[]	None	[[]]	0	0
bool	P54	Does FC Girondins de Bordeaux play for FC Aşgabat?	['FALSE']	[[7]]	[[[7, 'FC Girondins de Bordeaux team Lille']]]	1	1
min/max	P118	Who has played in the fewest leagues?	[]	None	[[]]	0	0
count	P54	How many teams has FIFA World Cup played for?	[4]	[[1], [4], [5], [7]]	[[[0, 'FIFA World Cup team Bulgaria']], [[1, 'FIFA World Cup team Uruguay']], [[3, 'FIFA World Cup team Turkey']], [[4, 'FIFA World Cup team Hungary']], [[5, 'FIFA World Cup team Chile']], [[7, 'FIFA World Cup team Brazil']], [[0, 'FIFA World Cup team Bulgaria'], [4, 'FIFA World Cup team Hungary']], [[0, 'FIFA World Cup team Bulgaria'], [7, 'FIFA World Cup team Brazil']], [[1, 'FIFA World Cup team Uruguay'], [0, 'FIFA World Cup team Bulgaria']], [[1, 'FIFA World Cup team Uruguay'], [3, 'FIFA World Cup team Turkey']], [[1, 'FIFA World Cup team Uruguay'], [4, 'FIFA World Cup team Hungary']], [[1, 'FIFA World Cup team Uruguay'], [5, 'FIFA World Cup team Chile']], [[1, 'FIFA World Cup team Uruguay'], [7, 'FIFA World Cup team Brazil']], [[3, 'FIFA World Cup team Turkey'], [0, 'FIFA World Cup team Bulgaria']], [[3, 'FIFA World Cup team Turkey'], [4, 'FIFA World Cup team Hungary']], [[3, 'FIFA World Cup team Turkey'], [5, 'FIFA World Cup team Chile']], [[3, 'FIFA World Cup team Turkey'], [7, 'FIFA World Cup team Brazil']], [[4, 'FIFA World Cup team Hungary'], [5, 'FIFA World Cup team Chile']], [[4, 'FIFA World Cup team Hungary'], [7, 'FIFA World Cup team Brazil']], [[5, 'FIFA World Cup team Chile'], [0, 'FIFA World Cup team Bulgaria']], [[5, 'FIFA World Cup team Chile'], [7, 'FIFA World Cup team Brazil']]]	1	1
min/max	P118	What league has the most participants?	['Regionalliga Südwest']	None	[[[1, 'FIFA World Cup team South Korea']], [[2, 'UEFA Euro 2016 team Romania']], [[7, 'UEFA Euro 2016 team Romania']], [[2, 'UEFA Euro 2016 team Romania'], [1, 'FIFA World Cup team South Korea']], [[2, 'UEFA Euro 2016 team Romania'], [7, 'UEFA Euro 2016 team Romania']], [[7, 'UEFA Euro 2016 team Romania'], [1, 'FIFA World Cup team South Korea']]]	0	0
bool	P54	Does FC Girondins de Bordeaux play for Lille?	['TRUE']	[[4]]	[[[4, 'FC Girondins de Bordeaux team Lille']], [[5, 'FC Girondins de Bordeaux team Nice']], [[6, 'FC Girondins de Bordeaux team Bordeaux']]]	1	1
min/max	P54	Who has played for the fewest teams?	['VfL Wolfsburg']	None	[[[1, 'FIFA World Cup team South Korea']], [[2, 'UEFA Euro 2016 team Romania']], [[7, 'UEFA Euro 2016 team Romania']], [[9, 'FIFA World Cup team Argentina']], [[2, 'UEFA Euro 2016 team Romania'], [1, 'FIFA World Cup team South Korea']], [[2, 'UEFA Euro 2016 team Romania'], [7, 'UEFA Euro 2016 team Romania']], [[2, 'UEFA Euro 2016 team Romania'], [9, 'FIFA World Cup team Argentina']], [[7, 'UEFA Euro 2016 team Romania'], [1, 'FIFA World Cup team South Korea']], [[7, 'UEFA Euro 2016 team Romania'], [9, 'FIFA World Cup team Argentina']], [[9, 'FIFA World Cup team Argentina'], [1, 'FIFA World Cup team South Korea']]]	0	0
min/max	P54	Which team has the fewest players?	['South Korea']	[[1]]	[[[1, 'FIFA World Cup team South Korea']], [[2, 'UEFA Euro 2016 team Romania']]]	1	1
set	P118	What league is SC Freiburg participant of?	['Regionalliga Südwest']	[[0]]	[[[0, 'SC Freiburg division Regionalliga Südwest']], [[1, 'FIFA World Cup team South Korea']], [[3, 'VfL Wolfsburg team Valencia']], [[9, 'FIFA World Cup team Argentina']]]	1	1
min/max	P54	Who has played for the least teams?	['FIFA World Cup']	[[0], [5], [8]]	[[[0, 'FIFA World Cup team Brazil']], [[3, 'FIFA World Cup team Argentina']], [[5, 'FIFA World Cup team Italy']], [[8, 'FIFA World Cup team Bulgaria']], [[9, 'FIFA World Cup team England']], [[0, 'FIFA World Cup team Brazil'], [3, 'FIFA World Cup team Argentina']], [[0, 'FIFA World Cup team Brazil'], [5, 'FIFA World Cup team Italy']], [[0, 'FIFA World Cup team Brazil'], [8, 'FIFA World Cup team Bulgaria']], [[0, 'FIFA World Cup team Brazil'], [9, 'FIFA World Cup team England']], [[3, 'FIFA World Cup team Argentina'], [5, 'FIFA World Cup team Italy']], [[3, 'FIFA World Cup team Argentina'], [8, 'FIFA World Cup team Bulgaria']], [[3, 'FIFA World Cup team Argentina'], [9, 'FIFA World Cup team England']], [[5, 'FIFA World Cup team Italy'], [8, 'FIFA World Cup team Bulgaria']], [[5, 'FIFA World Cup team Italy'], [9, 'FIFA World Cup team England']], [[8, 'FIFA World Cup team Bulgaria'], [9, 'FIFA World Cup team England']]]	1	1
bool	P54	Does FIFA World Cup play for Diablos Rojos del México?	['FALSE']	[[0]]	[[[0, 'FIFA World Cup team Brazil']], [[3, 'FIFA World Cup team Argentina']], [[0, 'FIFA World Cup team Brazil'], [3, 'FIFA World Cup team Argentina']]]	1	1
bool	P54	Does FC Girondins de Bordeaux play for Bulgaria?	['FALSE']	[[1]]	[[[0, 'FIFA World Cup team Brazil']], [[1, 'FC Girondins de Bordeaux team Strasbourg']], [[2, 'FC Girondins de Bordeaux team Bordeaux']], [[3, 'FIFA World Cup team Argentina']], [[5, 'FIFA World Cup team Italy']], [[7, 'FC Girondins de Bordeaux team Nice']]]	1	1
min/max	P118	Who has participated in the least number of leagues?	[]	None	[[]]	0	0
set	P54	Who is a member of Brazil?	['FIFA World Cup']	None	[[]]	0	0
count	P54	How many people play for Nisa Aşgabat?	[]	None	[[]]	0	0
set	P54	VfL Wolfsburg is a member of which teams?	['Valencia', 'Anderlecht']	[[4], [7]]	[[[4, 'VfL Wolfsburg team Valencia']], [[6, 'FIFA World Cup team Austria']], [[7, 'VfL Wolfsburg team Anderlecht']]]	1	1
count	P54	How many people play for Valencia?	[]	None	[[]]	0	0
min/max	P54	Which team has the least players?	['Nisa Aşgabat', 'FC Aşgabat', 'Sweden', 'Valencia']	[[1], [2], [3], [4]]	[[[3, 'FIFA World Cup team Sweden']], [[6, 'FIFA World Cup team Austria']], [[3, 'FIFA World Cup team Sweden'], [6, 'FIFA World Cup team Austria']]]	0	1
bool	P54	Is FIFA World Cup a member of Nice?	['FALSE']	[[0], [2], [8]]	[[[0, 'FIFA World Cup team Austria']], [[2, 'FIFA World Cup team Sweden']], [[3, 'FIFA World Cup team Belgium']], [[5, 'FIFA World Cup team Portugal']], [[7, 'FIFA World Cup team Croatia']], [[8, 'FIFA World Cup team Poland']], [[0, 'FIFA World Cup team Austria'], [8, 'FIFA World Cup team Poland']], [[2, 'FIFA World Cup team Sweden'], [0, 'FIFA World Cup team Austria']], [[2, 'FIFA World Cup team Sweden'], [8, 'FIFA World Cup team Poland']], [[3, 'FIFA World Cup team Belgium'], [0, 'FIFA World Cup team Austria']], [[3, 'FIFA World Cup team Belgium'], [7, 'FIFA World Cup team Croatia']], [[3, 'FIFA World Cup team Belgium'], [8, 'FIFA World Cup team Poland']], [[5, 'FIFA World Cup team Portugal'], [0, 'FIFA World Cup team Austria']], [[5, 'FIFA World Cup team Portugal'], [7, 'FIFA World Cup team Croatia']], [[5, 'FIFA World Cup team Portugal'], [8, 'FIFA World Cup team Poland']], [[7, 'FIFA World Cup team Croatia'], [0, 'FIFA World Cup team Austria']]]	1	1
min/max	P54	Who has played for the least number of different teams?	['FIFA World Cup']	[[0], [5], [7], [8]]	[[[0, 'FIFA World Cup team Austria']], [[1, 'Atlanta Falcons team Buffalo Bills']], [[2, 'FIFA World Cup team Sweden']], [[3, 'FIFA World Cup team Belgium']], [[5, 'FIFA World Cup team Portugal']], [[7, 'FIFA World Cup team Croatia']], [[8, 'FIFA World Cup team Poland']], [[0, 'FIFA World Cup team Austria'], [2, 'FIFA World Cup team Sweden']], [[0, 'FIFA World Cup team Austria'], [3, 'FIFA World Cup team Belgium']], [[0, 'FIFA World Cup team Austria'], [5, 'FIFA World Cup team Portugal']], [[0, 'FIFA World Cup team Austria'], [7, 'FIFA World Cup team Croatia']], [[0, 'FIFA World Cup team Austria'], [8, 'FIFA World Cup team Poland']], [[1, 'Atlanta Falcons team Buffalo Bills'], [0, 'FIFA World Cup team Austria']], [[1, 'Atlanta Falcons team Buffalo Bills'], [3, 'FIFA World Cup team Belgium']], [[1, 'Atlanta Falcons team Buffalo Bills'], [7, 'FIFA World Cup team Croatia']], [[1, 'Atlanta Falcons team Buffalo Bills'], [8, 'FIFA World Cup team Poland']], [[2, 'FIFA World Cup team Sweden'], [3, 'FIFA World Cup team Belgium']], [[2, 'FIFA World Cup team Sweden'], [5, 'FIFA World Cup team Portugal']], [[2, 'FIFA World Cup team Sweden'], [7, 'FIFA World Cup team Croatia']], [[2, 'FIFA World Cup team Sweden'], [8, 'FIFA World Cup team Poland']], [[3, 'FIFA World Cup team Belgium'], [5, 'FIFA World Cup team Portugal']], [[3, 'FIFA World Cup team Belgium'], [7, 'FIFA World Cup team Croatia']], [[3, 'FIFA World Cup team Belgium'], [8, 'FIFA World Cup team Poland']], [[5, 'FIFA World Cup team Portugal'], [7, 'FIFA World Cup team Croatia']], [[5, 'FIFA World Cup team Portugal'], [8, 'FIFA World Cup team Poland']], [[7, 'FIFA World Cup team Croatia'], [8, 'FIFA World Cup team Poland']]]	1	1
min/max	P54	Which team has the highest number of players?	['Buffalo Bills', 'Portugal', 'Lille', 'Croatia', 'Poland', 'Nice']	[[1], [5], [6], [7], [8], [9]]	[[[0, 'FIFA World Cup team Austria']], [[3, 'FIFA World Cup team Belgium']], [[7, 'FIFA World Cup team Croatia']], [[8, 'FIFA World Cup team Poland']], [[0, 'FIFA World Cup team Austria'], [2, 'FIFA World Cup team Sweden']], [[0, 'FIFA World Cup team Austria'], [3, 'FIFA World Cup team Belgium']], [[0, 'FIFA World Cup team Austria'], [5, 'FIFA World Cup team Portugal']], [[0, 'FIFA World Cup team Austria'], [7, 'FIFA World Cup team Croatia']], [[0, 'FIFA World Cup team Austria'], [8, 'FIFA World Cup team Poland']], [[3, 'FIFA World Cup team Belgium'], [2, 'FIFA World Cup team Sweden']], [[3, 'FIFA World Cup team Belgium'], [5, 'FIFA World Cup team Portugal']], [[3, 'FIFA World Cup team Belgium'], [7, 'FIFA World Cup team Croatia']], [[3, 'FIFA World Cup team Belgium'], [8, 'FIFA World Cup team Poland']], [[7, 'FIFA World Cup team Croatia'], [2, 'FIFA World Cup team Sweden']], [[7, 'FIFA World Cup team Croatia'], [5, 'FIFA World Cup team Portugal']], [[7, 'FIFA World Cup team Croatia'], [8, 'FIFA World Cup team Poland']], [[8, 'FIFA World Cup team Poland'], [2, 'FIFA World Cup team Sweden']], [[8, 'FIFA World Cup team Poland'], [5, 'FIFA World Cup team Portugal']]]	0	1
